Navn;Hold;Position;Pris;Startpris;Popularitet (%);Ude
Kylian Mbappe;Frankrig;Angreb;10000000;10000000;10,53;nej
Harry Kane;England;Angreb;9500000;9500000;10,45;nej
Lamine Yamal;Spanien;Angreb;9000000;9000000;9,90;nej
Erling Haaland;Norge;Angreb;8500000;8500000;22,00;nej
Lautaro Martinez;Argentina;Angreb;8000000;8000000;1,07;nej
Lionel Messi;Argentina;Angreb;8000000;8000000;6,05;nej
Florian Wirtz;Tyskland;Midtbane;7500000;7500000;15,18;nej
Vinicius Junior;Brasilien;Angreb;7500000;7500000;3,53;nej
Mikel Oyarzabal;Spanien;Angreb;7500000;7500000;21,19;nej
Bruno Fernandes;Portugal;Midtbane;7000000;7000000;19,03;nej
Kevin De Bruyne;Belgien;Midtbane;7000000;7000000;1,76;nej
Michael Olise;Frankrig;Angreb;7000000;7000000;18,33;nej
Cristiano Ronaldo;Portugal;Angreb;7000000;7000000;9,09;nej
Jamal Musiala;Tyskland;Midtbane;6500000;6500000;13,87;nej
Jeremy Doku;Belgien;Angreb;6500000;6500000;2,31;nej
Bukayo Saka;England;Angreb;6500000;6500000;1,36;nej
Raphinha;Brasilien;Angreb;6500000;6500000;7,10;nej
Cody Gakpo;Holland;Angreb;6500000;6500000;1,49;nej
Tijjani Reijnders;Holland;Midtbane;6000000;6000000;0,55;nej
Pedri;Spanien;Midtbane;6000000;6000000;9,10;nej
Jude Bellingham;England;Midtbane;6000000;6000000;3,58;nej
Charles De Ketelaere;Belgien;Angreb;6000000;6000000;0,45;nej
Darwin Nunez;Uruguay;Angreb;6000000;6000000;0,69;nej
Heung-Min Son;Sydkorea;Angreb;6000000;6000000;0,51;nej
Julian Alvarez;Argentina;Angreb;6000000;6000000;10,90;nej
Viktor Gyökeres;Sverige;Angreb;6000000;6000000;0,96;nej
Hugo Ekitike;Frankrig;Angreb;6000000;6000000;0,00;ja
Nick Woltemade;Tyskland;Angreb;6000000;6000000;1,13;nej
Serge Gnabry;Tyskland;Angreb;6000000;6000000;0,01;ja
Bernardo Silva;Portugal;Midtbane;5500000;5500000;1,98;nej
Vitinha;Portugal;Midtbane;5500000;5500000;9,43;nej
Thiago Almada;Argentina;Midtbane;5500000;5500000;1,06;nej
Lucas Paqueta;Brasilien;Midtbane;5500000;5500000;0,93;nej
Morgan Rogers;England;Midtbane;5500000;5500000;0,74;nej
Federico Valverde;Uruguay;Midtbane;5500000;5500000;2,66;nej
Leandro Trossard;Belgien;Angreb;5500000;5500000;0,59;nej
Luis Diaz;Colombia;Angreb;5500000;5500000;6,69;nej
Ayase Ueda;Japan;Angreb;5500000;5500000;0,33;nej
Marcus Rashford;England;Angreb;5500000;5500000;1,16;nej
Neymar Jr.;Brasilien;Angreb;5500000;5500000;1,23;nej
Ousmane Dembele;Frankrig;Angreb;5500000;5500000;17,64;nej
Kai Havertz;Tyskland;Angreb;5500000;5500000;32,08;nej
Andrej Kramaric;Kroatien;Angreb;5500000;5500000;0,15;nej
Leroy Sane;Tyskland;Angreb;5500000;5500000;1,63;nej
Rafael Leão;Portugal;Angreb;5500000;5500000;1,71;nej
Francisco Conceicao;Portugal;Angreb;5500000;5500000;0,48;nej
João Cancelo;Portugal;Forsvar;5000000;5000000;1,63;nej
Virgil van Dijk;Holland;Forsvar;5000000;5000000;3,84;nej
Denzel Dumfries;Holland;Forsvar;5000000;5000000;2,36;nej
Marquinhos;Brasilien;Forsvar;5000000;5000000;1,69;nej
Jordan Pickford;England;Keeper;5000000;5000000;2,60;nej
Bento Krepski;Brasilien;Keeper;5000000;5000000;0,00;ja
Alisson Becker;Brasilien;Keeper;5000000;5000000;2,32;nej
Ederson Moraes;Brasilien;Keeper;5000000;5000000;0,10;nej
Emiliano Martinez;Argentina;Keeper;5000000;5000000;5,83;nej
Unai Simon;Spanien;Keeper;5000000;5000000;3,86;nej
David Raya;Spanien;Keeper;5000000;5000000;7,77;nej
Mike Maignan;Frankrig;Keeper;5000000;5000000;5,48;nej
Oliver Baumann;Tyskland;Keeper;5000000;5000000;0,42;nej
Manuel Neuer;Tyskland;Keeper;5000000;5000000;4,90;nej
Diogo Costa;Portugal;Keeper;5000000;5000000;4,57;nej
João Neves;Portugal;Midtbane;5000000;5000000;4,48;nej
Joshua Kimmich;Tyskland;Midtbane;5000000;5000000;5,23;nej
Lennart Karl;Tyskland;Midtbane;5000000;5000000;0,15;ja
Fermin Lopez;Spanien;Midtbane;5000000;5000000;0,01;ja
Dani Olmo;Spanien;Midtbane;5000000;5000000;15,92;nej
Rodri Hernandez;Spanien;Midtbane;5000000;5000000;2,11;nej
Nico Paz;Argentina;Midtbane;5000000;5000000;1,84;nej
Enzo Fernandez;Argentina;Midtbane;5000000;5000000;3,73;nej
Cole Palmer;England;Midtbane;5000000;5000000;0,03;ja
Kang-In Lee;Sydkorea;Midtbane;5000000;5000000;0,30;nej
Maxi Araujo;Uruguay;Midtbane;5000000;5000000;0,22;nej
Sadio Mane;Senegal;Angreb;5000000;5000000;0,34;nej
Mohamed Salah;Egypten;Angreb;5000000;5000000;1,03;nej
Omar Marmoush;Egypten;Angreb;5000000;5000000;0,28;nej
Alexander Isak;Sverige;Angreb;5000000;5000000;0,84;nej
Ferran Torres;Spanien;Angreb;5000000;5000000;8,41;nej
Marcus Thuram;Frankrig;Angreb;5000000;5000000;0,35;nej
Goncalo Ramos;Portugal;Angreb;5000000;5000000;0,59;nej
Pedro Neto;Portugal;Angreb;5000000;5000000;0,44;nej
Breel Embolo;Schweiz;Angreb;5000000;5000000;2,47;nej
Nuno Mendes;Portugal;Forsvar;4500000;4500000;15,87;nej
Antonio Rüdiger;Tyskland;Forsvar;4500000;4500000;3,57;nej
Jonathan Tah;Tyskland;Forsvar;4500000;4500000;2,73;nej
David Raum;Tyskland;Forsvar;4500000;4500000;2,84;nej
William Saliba;Frankrig;Forsvar;4500000;4500000;5,28;nej
Theo Hernandez;Frankrig;Forsvar;4500000;4500000;2,66;nej
Pedro Porro;Spanien;Forsvar;4500000;4500000;1,63;nej
Marc Cucurella;Spanien;Forsvar;4500000;4500000;8,76;nej
Robin Le Normand;Spanien;Forsvar;4500000;4500000;0,01;ja
Aymeric Laporte;Spanien;Forsvar;4500000;4500000;2,20;nej
Nicolas Otamendi;Argentina;Forsvar;4500000;4500000;0,98;nej
Gabriel Magalhaes;Brasilien;Forsvar;4500000;4500000;4,76;nej
Marc Guehi;England;Forsvar;4500000;4500000;1,23;nej
Ezri Konsa;England;Forsvar;4500000;4500000;0,38;nej
Jose Maria Gimenez;Uruguay;Forsvar;4500000;4500000;0,22;nej
Ronald Araujo;Uruguay;Forsvar;4500000;4500000;0,31;nej
Thibaut Courtois;Belgien;Keeper;4500000;4500000;7,07;nej
Matz Sels;Belgien;Keeper;4500000;4500000;0,00;ja
Dean Henderson;England;Keeper;4500000;4500000;0,11;nej
Geronimo Rulli;Argentina;Keeper;4500000;4500000;0,09;nej
Bart Verbruggen;Holland;Keeper;4500000;4500000;1,77;nej
Brice Samba;Frankrig;Keeper;4500000;4500000;0,09;nej
Alexander Nübel;Tyskland;Keeper;4500000;4500000;0,12;nej
Jose Sa;Portugal;Keeper;4500000;4500000;0,34;nej
João Palhinha;Portugal;Midtbane;4500000;4500000;0,00;ja
Matheus Nunes;Portugal;Midtbane;4500000;4500000;0,46;nej
Kerem Akturkoglu;Tyrkiet;Midtbane;4500000;4500000;0,81;nej
Arda Güler;Tyrkiet;Midtbane;4500000;4500000;11,09;nej
Marcel Sabitzer;Østrig;Midtbane;4500000;4500000;4,53;nej
Leon Goretzka;Tyskland;Midtbane;4500000;4500000;1,13;nej
Anton Stach;Tyskland;Midtbane;4500000;4500000;0,00;ja
Mikel Merino;Spanien;Midtbane;4500000;4500000;1,96;nej
Fabian Ruiz;Spanien;Midtbane;4500000;4500000;8,86;nej
Rodrigo de Paul;Argentina;Midtbane;4500000;4500000;0,96;nej
Alexis Mac Allister;Argentina;Midtbane;4500000;4500000;5,36;nej
Casemiro;Brasilien;Midtbane;4500000;4500000;3,95;nej
Bruno Guimaraes;Brasilien;Midtbane;4500000;4500000;3,84;nej
Declan Rice;England;Midtbane;4500000;4500000;8,43;nej
Scott McTominay;Skotland;Midtbane;4500000;4500000;11,21;nej
Martin Ødegaard;Norge;Midtbane;4500000;4500000;7,53;nej
Alexander Sørloth;Norge;Angreb;4500000;4500000;2,62;nej
Jonathan David;Canada;Angreb;4500000;4500000;0,73;nej
Nicolas Jackson;Senegal;Angreb;4500000;4500000;0,13;nej
Brahim Diaz;Marokko;Angreb;4500000;4500000;1,47;nej
Romelu Lukaku;Belgien;Angreb;4500000;4500000;1,57;nej
Edin Dzeko;Bosnien-Hercegovina;Angreb;4500000;4500000;0,43;nej
Luis Suarez Charris;Colombia;Angreb;4500000;4500000;2,39;nej
Raul Jimenez;Mexico;Angreb;4500000;4500000;3,27;nej
Matheus Cunha;Brasilien;Angreb;4500000;4500000;2,43;nej
Nico Williams;Spanien;Angreb;4500000;4500000;6,45;nej
Donyell Malen;Holland;Angreb;4500000;4500000;1,11;nej
Randal Kolo Muani;Frankrig;Angreb;4500000;4500000;0,00;ja
Ivan Perisic;Kroatien;Angreb;4500000;4500000;0,25;nej
Marko Arnautovic;Østrig;Angreb;4500000;4500000;0,80;nej
João Felix;Portugal;Angreb;4500000;4500000;1,20;nej
Patrik Schick;Tjekkiet;Angreb;4500000;4500000;0,46;nej
Nelson Semedo;Portugal;Forsvar;4000000;4000000;0,46;nej
Ruben Dias;Portugal;Forsvar;4000000;4000000;4,16;nej
Diogo Dalot;Portugal;Forsvar;4000000;4000000;1,75;nej
Goncalo Inacio;Portugal;Forsvar;4000000;4000000;0,73;nej
Nico Schlotterbeck;Tyskland;Forsvar;4000000;4000000;6,94;nej
Malo Gusto;Frankrig;Forsvar;4000000;4000000;0,48;nej
Dayot Upamecano;Frankrig;Forsvar;4000000;4000000;3,56;nej
Jeremie Frimpong;Holland;Forsvar;4000000;4000000;0,03;ja
Micky van de Ven;Holland;Forsvar;4000000;4000000;2,72;nej
Dean Donny Huijsen;Spanien;Forsvar;4000000;4000000;0,00;ja
Pau Cubarsi;Spanien;Forsvar;4000000;4000000;6,83;nej
Alejandro 'Alex' Grimaldo;Spanien;Forsvar;4000000;4000000;3,03;nej
Nicolas Tagliafico;Argentina;Forsvar;4000000;4000000;0,90;nej
Leonardo Balerdi;Argentina;Forsvar;4000000;4000000;0,04;ja
Cristian Romero;Argentina;Forsvar;4000000;4000000;2,78;nej
Nahuel Molina;Argentina;Forsvar;4000000;4000000;1,41;nej
John Stones;England;Forsvar;4000000;4000000;1,08;nej
Nico O'Reilly;England;Forsvar;4000000;4000000;4,41;nej
Mathias Olivera;Uruguay;Forsvar;4000000;4000000;0,24;nej
Matias Viña;Uruguay;Forsvar;4000000;4000000;0,04;nej
Daniel Muñoz;Colombia;Forsvar;4000000;4000000;1,56;nej
Maxim De Cuyper;Belgien;Forsvar;4000000;4000000;0,94;nej
Achraf Hakimi;Marokko;Forsvar;4000000;4000000;7,03;nej
Alphonso Davies;Canada;Forsvar;4000000;4000000;0,85;nej
Ørjan Nyland;Norge;Keeper;4000000;4000000;2,43;nej
Senne Lammens;Belgien;Keeper;4000000;4000000;0,38;nej
Camilo Vargas;Colombia;Keeper;4000000;4000000;0,58;nej
Alvaro Montero;Colombia;Keeper;4000000;4000000;0,18;nej
Sergio Rochet;Uruguay;Keeper;4000000;4000000;0,37;nej
Fernando Muslera;Uruguay;Keeper;4000000;4000000;0,50;nej
Raul Rangel;Mexico;Keeper;4000000;4000000;3,61;nej
Zion Suzuki;Japan;Keeper;4000000;4000000;0,51;nej
James Trafford;England;Keeper;4000000;4000000;0,14;nej
Weverton;Brasilien;Keeper;4000000;4000000;0,03;nej
Juan Musso;Argentina;Keeper;4000000;4000000;0,07;nej
Walter Benitez;Argentina;Keeper;4000000;4000000;0,01;ja
Robin Olsen;Sverige;Keeper;4000000;4000000;0,00;ja
Kristoffer Nordfeldt;Sverige;Keeper;4000000;4000000;0,09;nej
Alejandro 'Alex' Remiro;Spanien;Keeper;4000000;4000000;0,00;ja
Joan Garcia;Spanien;Keeper;4000000;4000000;0,79;nej
Mark Flekken;Holland;Keeper;4000000;4000000;0,34;nej
Robin Risser;Frankrig;Keeper;4000000;4000000;0,05;nej
Lucas Chevalier;Frankrig;Keeper;4000000;4000000;0,00;ja
Dominik Livakovic;Kroatien;Keeper;4000000;4000000;0,82;nej
Jonas Urbig;Tyskland;Keeper;4000000;4000000;0,00;ja
Finn Dahmen;Tyskland;Keeper;4000000;4000000;0,00;ja
Ugurcan Cakir;Tyrkiet;Keeper;4000000;4000000;0,87;nej
Ricardo Velho;Portugal;Keeper;4000000;4000000;0,00;ja
Rui Silva;Portugal;Keeper;4000000;4000000;0,22;nej
Gregor Kobel;Schweiz;Keeper;4000000;4000000;13,33;nej
Granit Xhaka;Schweiz;Midtbane;4000000;4000000;4,90;nej
Pavel Sulc;Tjekkiet;Midtbane;4000000;4000000;0,19;nej
Ruben Neves;Portugal;Midtbane;4000000;4000000;1,56;nej
Kenan Yildiz;Tyrkiet;Midtbane;4000000;4000000;3,95;nej
Hakan Calhanoglu;Tyrkiet;Midtbane;4000000;4000000;2,24;nej
Luka Modric;Kroatien;Midtbane;4000000;4000000;2,68;nej
Mateo Kovacic;Kroatien;Midtbane;4000000;4000000;0,25;nej
Bradley Barcola;Frankrig;Midtbane;4000000;4000000;3,70;nej
Adrien Rabiot;Frankrig;Midtbane;4000000;4000000;3,88;nej
Pablo Gavi;Spanien;Midtbane;4000000;4000000;3,00;nej
Leandro Paredes;Argentina;Midtbane;4000000;4000000;0,48;nej
Giovani Lo Celso;Argentina;Midtbane;4000000;4000000;0,46;nej
Elliot Anderson;England;Midtbane;4000000;4000000;1,27;nej
Takumi Minamino;Japan;Midtbane;4000000;4000000;0,00;ja
Takefusa Kubo;Japan;Midtbane;4000000;4000000;0,88;nej
Ritsu Doan;Japan;Midtbane;4000000;4000000;0,30;nej
Jae-Sung Lee;Sydkorea;Midtbane;4000000;4000000;0,18;nej
Giorgian De Arrascaeta;Uruguay;Midtbane;4000000;4000000;0,25;nej
Malik Tillman;USA;Midtbane;4000000;4000000;0,40;nej
James Rodriguez;Colombia;Midtbane;4000000;4000000;12,09;nej
Hans Vanaken;Belgien;Midtbane;4000000;4000000;0,31;nej
Ibrahim Mbaye;Senegal;Midtbane;4000000;4000000;0,12;nej
Alexis Saelemaekers;Belgien;Angreb;4000000;4000000;0,17;nej
Lois Openda;Belgien;Angreb;4000000;4000000;0,00;ja
Enner Valencia;Ecuador;Angreb;4000000;4000000;1,19;nej
Rafael Santos Borre;Colombia;Angreb;4000000;4000000;0,00;ja
Juan 'Cucho' Hernandez;Colombia;Angreb;4000000;4000000;0,09;nej
Christian Pulisic;USA;Angreb;4000000;4000000;2,09;nej
Folarin Balogun;USA;Angreb;4000000;4000000;0,23;nej
Federico Vinas;Uruguay;Angreb;4000000;4000000;0,10;nej
Antonio Sanabria;Paraguay;Angreb;4000000;4000000;0,06;nej
Koki Ogawa;Japan;Angreb;4000000;4000000;0,11;nej
Antoine Semenyo;Ghana;Angreb;4000000;4000000;1,78;nej
Anthony Gordon;England;Angreb;4000000;4000000;1,03;nej
Ollie Watkins;England;Angreb;4000000;4000000;0,39;nej
Igor Thiago;Brasilien;Angreb;4000000;4000000;1,83;nej
João Pedro;Brasilien;Angreb;4000000;4000000;0,01;ja
Gabriel Martinelli;Brasilien;Angreb;4000000;4000000;0,51;nej
Giuliano Simeone;Argentina;Angreb;4000000;4000000;0,45;nej
Nico Gonzalez;Argentina;Angreb;4000000;4000000;0,13;nej
Riyad Mahrez;Algeriet;Angreb;4000000;4000000;0,12;nej
Memphis Depay;Holland;Angreb;4000000;4000000;1,61;nej
Rayan Cherki;Frankrig;Angreb;4000000;4000000;3,41;nej
Desire Doue;Frankrig;Angreb;4000000;4000000;5,16;nej
Francisco Trincao;Portugal;Angreb;4000000;4000000;0,18;nej
Dan Ndoye;Schweiz;Angreb;4000000;4000000;1,34;nej
Manuel Akanji;Schweiz;Forsvar;3500000;3500000;3,78;nej
Nuno Tavares;Portugal;Forsvar;3500000;3500000;0,00;ja
Tomas Araujo;Portugal;Forsvar;3500000;3500000;0,26;nej
Antonio Silva;Portugal;Forsvar;3500000;3500000;0,01;ja
Renato Veiga;Portugal;Forsvar;3500000;3500000;0,52;nej
Ferdi Kadioglu;Tyrkiet;Forsvar;3500000;3500000;1,31;nej
Josip Stanisic;Kroatien;Forsvar;3500000;3500000;0,43;nej
Kristijan Jakic;Kroatien;Forsvar;3500000;3500000;0,07;nej
Josko Gvardiol;Kroatien;Forsvar;3500000;3500000;3,00;nej
Maximilian Mittelstädt;Tyskland;Forsvar;3500000;3500000;0,00;ja
Waldemar Anton;Tyskland;Forsvar;3500000;3500000;0,44;nej
Robin Koch;Tyskland;Forsvar;3500000;3500000;0,00;ja
Jules Kounde;Frankrig;Forsvar;3500000;3500000;17,06;nej
Lucas Digne;Frankrig;Forsvar;3500000;3500000;0,71;nej
Nathan Ake;Holland;Forsvar;3500000;3500000;2,13;nej
Daniel Vivian;Spanien;Forsvar;3500000;3500000;0,01;ja
Gonzalo Montiel;Argentina;Forsvar;3500000;3500000;0,61;nej
Wesley Franca;Brasilien;Forsvar;3500000;3500000;0,28;ja
Trent Alexander-Arnold;England;Forsvar;3500000;3500000;0,03;ja
Dan Burn;England;Forsvar;3500000;3500000;0,53;nej
Reece James;England;Forsvar;3500000;3500000;4,63;nej
Lewis Hall;England;Forsvar;3500000;3500000;0,00;ja
Yukinari Sugawara;Japan;Forsvar;3500000;3500000;0,23;nej
Min-jae Kim;Sydkorea;Forsvar;3500000;3500000;0,61;nej
Omar Alderete;Paraguay;Forsvar;3500000;3500000;0,08;nej
Santiago Bueno;Uruguay;Forsvar;3500000;3500000;0,10;nej
Davinson Sanchez;Colombia;Forsvar;3500000;3500000;2,75;nej
Johan Mojica;Colombia;Forsvar;3500000;3500000;0,60;nej
Jhon Lucumi;Colombia;Forsvar;3500000;3500000;0,21;nej
Santiago Arias;Colombia;Forsvar;3500000;3500000;0,10;nej
Piero Hincapie;Ecuador;Forsvar;3500000;3500000;1,40;nej
Pervis Estupinan;Ecuador;Forsvar;3500000;3500000;0,61;nej
Thomas Meunier;Belgien;Forsvar;3500000;3500000;1,41;nej
Timothy Castagne;Belgien;Forsvar;3500000;3500000;0,78;nej
Zeno Debast;Belgien;Forsvar;3500000;3500000;0,21;nej
Noussair Mazraoui;Marokko;Forsvar;3500000;3500000;0,59;nej
El Hadji Malick Diouf;Senegal;Forsvar;3500000;3500000;0,29;nej
Julian Ryerson;Norge;Forsvar;3500000;3500000;9,52;nej
Egil Selvik;Norge;Keeper;3500000;3500000;0,14;nej
Dayne St. Clair;Canada;Keeper;3500000;3500000;0,14;nej
Angus Gunn;Skotland;Keeper;3500000;3500000;1,29;nej
Edouard Mendy;Senegal;Keeper;3500000;3500000;0,57;nej
Yassine 'Bono' Bounou;Marokko;Keeper;3500000;3500000;2,43;nej
Mike Penders;Belgien;Keeper;3500000;3500000;0,05;nej
Maarten Vandevoordt;Belgien;Keeper;3500000;3500000;0,00;ja
Hernan Galindez;Ecuador;Keeper;3500000;3500000;2,21;nej
David Ospina;Colombia;Keeper;3500000;3500000;0,23;nej
Matt Freese;USA;Keeper;3500000;3500000;0,49;nej
Santiago Mele;Uruguay;Keeper;3500000;3500000;0,02;nej
Carlos Acevedo;Mexico;Keeper;3500000;3500000;0,13;nej
Hyeon-Woo Jo;Sydkorea;Keeper;3500000;3500000;0,10;nej
Keisuke Osako;Japan;Keeper;3500000;3500000;0,03;nej
Tomoki Hayakawa;Japan;Keeper;3500000;3500000;0,03;nej
Viktor Johansson;Sverige;Keeper;3500000;3500000;0,06;nej
Jacob Widell Zetterström;Sverige;Keeper;3500000;3500000;0,04;nej
Melker Ellborg;Sverige;Keeper;3500000;3500000;0,00;ja
Noel Törnqvist;Sverige;Keeper;3500000;3500000;0,00;ja
Robin Roefs;Holland;Keeper;3500000;3500000;0,09;nej
Justin Bijlow;Holland;Keeper;3500000;3500000;0,00;ja
Alexander Schlager;Østrig;Keeper;3500000;3500000;5,91;nej
Mert Günok;Tyrkiet;Keeper;3500000;3500000;0,05;nej
Joao Carvalho;Portugal;Keeper;3500000;3500000;0,00;ja
Remo Freuler;Schweiz;Midtbane;3500000;3500000;0,67;nej
Tomas Soucek;Tjekkiet;Midtbane;3500000;3500000;0,45;nej
Christoph Baumgartner;Østrig;Midtbane;3500000;3500000;0,14;ja
Mario Pasalic;Kroatien;Midtbane;3500000;3500000;0,17;nej
Kevin Schade;Tyskland;Midtbane;3500000;3500000;0,00;ja
Aleksandar Pavlovic;Tyskland;Midtbane;3500000;3500000;9,06;nej
Manu Koné;Frankrig;Midtbane;3500000;3500000;0,95;nej
Aurelien Tchouameni;Frankrig;Midtbane;3500000;3500000;11,51;nej
Teun Koopmeiners;Holland;Midtbane;3500000;3500000;0,40;nej
Ryan Gravenberch;Holland;Midtbane;3500000;3500000;4,67;nej
Yeremy Pino;Spanien;Midtbane;3500000;3500000;0,34;nej
Alex Baena;Spanien;Midtbane;3500000;3500000;2,10;nej
Jesus Rodriguez;Spanien;Midtbane;3500000;3500000;0,01;ja
Martin Zubimendi;Spanien;Midtbane;3500000;3500000;2,18;nej
Marcos Llorente;Spanien;Midtbane;3500000;3500000;2,70;nej
Yasin Ayari;Sverige;Midtbane;3500000;3500000;0,18;nej
Franco Mastantuono;Argentina;Midtbane;3500000;3500000;0,00;ja
Exequiel Palacios;Argentina;Midtbane;3500000;3500000;0,43;nej
Jordan Henderson;England;Midtbane;3500000;3500000;0,67;nej
Daichi Kamada;Japan;Midtbane;3500000;3500000;0,35;nej
Junya Ito;Japan;Midtbane;3500000;3500000;0,24;nej
Kaoru Mitoma;Japan;Midtbane;3500000;3500000;0,00;ja
Miguel Almiron;Paraguay;Midtbane;3500000;3500000;0,17;nej
Teboho Mokoena;Sydafrika;Midtbane;3500000;3500000;0,05;nej
Rodrigo Zalazar;Uruguay;Midtbane;3500000;3500000;0,11;nej
Manuel Ugarte;Uruguay;Midtbane;3500000;3500000;0,51;nej
Weston McKennie;USA;Midtbane;3500000;3500000;0,91;nej
Gonzalo Plata;Ecuador;Midtbane;3500000;3500000;0,18;nej
Richard Rios;Colombia;Midtbane;3500000;3500000;0,49;nej
Kerim Alajbegovic;Bosnien-Hercegovina;Midtbane;3500000;3500000;0,40;nej
Youri Tielemans;Belgien;Midtbane;3500000;3500000;6,38;nej
Ismael Saibari;Marokko;Midtbane;3500000;3500000;1,76;nej
Ismaila Sarr;Senegal;Midtbane;3500000;3500000;0,86;nej
Mohamed Ali Ben Romdhane;Tunesien;Midtbane;3500000;3500000;0,00;ja
Elias Achouri;Tunesien;Midtbane;3500000;3500000;0,32;nej
John McGinn;Skotland;Midtbane;3500000;3500000;1,72;nej
Tajon Buchanan;Canada;Midtbane;3500000;3500000;0,32;nej
Antonio Nusa;Norge;Midtbane;3500000;3500000;20,48;nej
Andreas Schjelderup;Norge;Midtbane;3500000;3500000;1,79;nej
Cedric Bakambu;Congo DR;Angreb;3500000;3500000;0,03;nej
Yoane Wissa;Congo DR;Angreb;3500000;3500000;0,15;nej
Duckens Nazon;Haiti;Angreb;3500000;3500000;0,02;nej
Willy Semedo;Kap Verde;Angreb;3500000;3500000;0,02;nej
Ali Olwan;Jordan;Angreb;3500000;3500000;0,01;nej
Akram Afif;Qatar;Angreb;3500000;3500000;0,05;nej
Firas Al Brikan;Saudi-Arabien;Angreb;3500000;3500000;0,02;nej
Hazem Mastouri;Tunesien;Angreb;3500000;3500000;0,02;nej
Youssef En-Nesyri;Marokko;Angreb;3500000;3500000;0,01;ja
Ayoub El Kaabi;Marokko;Angreb;3500000;3500000;0,22;nej
Mostafa Mohamed;Egypten;Angreb;3500000;3500000;0,00;ja
Aymen Hussein;Irak;Angreb;3500000;3500000;0,03;nej
Dodi Lukebakio;Belgien;Angreb;3500000;3500000;0,15;nej
Mehdi Taremi;Iran;Angreb;3500000;3500000;1,55;nej
Johan Carbonero;Colombia;Angreb;3500000;3500000;0,00;ja
Facundo Torres;Uruguay;Angreb;3500000;3500000;0,00;ja
Facundo Pellistri;Uruguay;Angreb;3500000;3500000;0,07;nej
Brian Rodriguez;Uruguay;Angreb;3500000;3500000;0,08;nej
Julio Enciso;Paraguay;Angreb;3500000;3500000;0,06;nej
Lyle Foster;Sydafrika;Angreb;3500000;3500000;0,04;nej
Oswin Appollis;Sydafrika;Angreb;3500000;3500000;0,01;nej
Chris Wood;New Zealand;Angreb;3500000;3500000;0,20;nej
Santiago Gimenez;Mexico;Angreb;3500000;3500000;0,60;nej
Hyeon-Gyu Oh;Sydkorea;Angreb;3500000;3500000;0,08;nej
Noni Madueke;England;Angreb;3500000;3500000;0,17;nej
Ivan Toney;England;Angreb;3500000;3500000;0,16;nej
Amad Diallo;Elfenbenskysten;Angreb;3500000;3500000;1,15;nej
Nestory Irankunda;Australien;Angreb;3500000;3500000;0,04;nej
Mohamed Amoura;Algeriet;Angreb;3500000;3500000;0,06;nej
Anthony Elanga;Sverige;Angreb;3500000;3500000;0,37;nej
Borja Iglesias;Spanien;Angreb;3500000;3500000;0,22;nej
Jean-Philippe Mateta;Frankrig;Angreb;3500000;3500000;0,18;nej
Maghnes Akliouche;Frankrig;Angreb;3500000;3500000;0,04;nej
Deniz Undav;Tyskland;Angreb;3500000;3500000;2,27;nej
Ante Budimir;Kroatien;Angreb;3500000;3500000;0,18;nej
Michael Gregoritsch;Østrig;Angreb;3500000;3500000;0,40;nej
Can Uzun;Tyrkiet;Angreb;3500000;3500000;0,25;nej
Mohamed Zeki Amdouni;Schweiz;Angreb;3500000;3500000;0,08;nej
Ruben Vargas;Schweiz;Angreb;3500000;3500000;0,26;nej
Nico Elvedi;Schweiz;Forsvar;3000000;3000000;3,96;nej
Silvan Widmer;Schweiz;Forsvar;3000000;3000000;3,89;nej
Ricardo Rodriguez;Schweiz;Forsvar;3000000;3000000;1,87;nej
Ladislav Krejci;Tjekkiet;Forsvar;3000000;3000000;0,29;nej
Vladimir Coufal;Tjekkiet;Forsvar;3000000;3000000;0,35;nej
Mert Müldür;Tyrkiet;Forsvar;3000000;3000000;0,21;nej
Abdulkerim Bardakci;Tyrkiet;Forsvar;3000000;3000000;0,54;nej
Merih Demiral;Tyrkiet;Forsvar;3000000;3000000;0,49;nej
David Alaba;Østrig;Forsvar;3000000;3000000;2,83;nej
Philipp Lienhart;Østrig;Forsvar;3000000;3000000;0,30;nej
Stefan Posch;Østrig;Forsvar;3000000;3000000;0,54;nej
Josip Sutalo;Kroatien;Forsvar;3000000;3000000;0,09;nej
Martin Erlic;Kroatien;Forsvar;3000000;3000000;0,18;nej
Duje Caleta-Car;Kroatien;Forsvar;3000000;3000000;0,08;nej
Malick Thiaw;Tyskland;Forsvar;3000000;3000000;0,38;nej
Pierre Kalulu;Frankrig;Forsvar;3000000;3000000;0,00;ja
Maxence Lacroix;Frankrig;Forsvar;3000000;3000000;0,21;nej
Ibrahima Konate;Frankrig;Forsvar;3000000;3000000;2,99;nej
Lucas Hernandez;Frankrig;Forsvar;3000000;3000000;1,01;nej
Stefan de Vrij;Holland;Forsvar;3000000;3000000;0,01;ja
Jan Paul van Hecke;Holland;Forsvar;3000000;3000000;1,09;nej
Marc Pubill;Spanien;Forsvar;3000000;3000000;0,24;nej
Eric Garcia;Spanien;Forsvar;3000000;3000000;2,96;nej
Victor Lindelöf;Sverige;Forsvar;3000000;3000000;0,38;nej
Gabriel Gudmundsson;Sverige;Forsvar;3000000;3000000;0,21;nej
Daniel Svensson;Sverige;Forsvar;3000000;3000000;0,55;nej
Gustaf Lagerbielke;Sverige;Forsvar;3000000;3000000;0,08;nej
Rayan Ait-Nouri;Algeriet;Forsvar;3000000;3000000;0,27;nej
Ramy Bensebaini;Algeriet;Forsvar;3000000;3000000;0,05;nej
Aissa Mandi;Algeriet;Forsvar;3000000;3000000;0,05;nej
Lisandro Martinez;Argentina;Forsvar;3000000;3000000;3,34;nej
Julio Soler;Argentina;Forsvar;3000000;3000000;0,01;ja
Jordan Bos;Australien;Forsvar;3000000;3000000;0,04;nej
Cameron Burgess;Australien;Forsvar;3000000;3000000;0,04;nej
Eder Militão;Brasilien;Forsvar;3000000;3000000;0,16;ja
Bremer;Brasilien;Forsvar;3000000;3000000;2,22;nej
Leo Pereira;Brasilien;Forsvar;3000000;3000000;0,40;nej
Guela Doue;Elfenbenskysten;Forsvar;3000000;3000000;0,79;nej
Harry Maguire;England;Forsvar;3000000;3000000;0,02;ja
Valentino Livramento;England;Forsvar;3000000;3000000;0,21;nej
Alexander Djiku;Ghana;Forsvar;3000000;3000000;0,00;ja
Caleb Yirenkyi;Ghana;Forsvar;3000000;3000000;0,91;nej
Gideon Mensah;Ghana;Forsvar;3000000;3000000;0,08;nej
Tsuyoshi Watanabe;Japan;Forsvar;3000000;3000000;0,13;nej
Shogo Taniguchi;Japan;Forsvar;3000000;3000000;0,13;nej
Young-woo Seol;Sydkorea;Forsvar;3000000;3000000;0,08;nej
Cesar Montes;Mexico;Forsvar;3000000;3000000;5,07;nej
Jesus Gallardo;Mexico;Forsvar;3000000;3000000;1,02;nej
Israel Reyes;Mexico;Forsvar;3000000;3000000;0,43;nej
Johan Vasquez;Mexico;Forsvar;3000000;3000000;3,70;nej
Junior Alonso;Paraguay;Forsvar;3000000;3000000;0,03;nej
Gustavo Gomez;Paraguay;Forsvar;3000000;3000000;0,06;nej
Juan Jose Caceres;Paraguay;Forsvar;3000000;3000000;0,03;nej
Aubrey Modiba;Sydafrika;Forsvar;3000000;3000000;0,06;nej
Khuliso Mudau;Sydafrika;Forsvar;3000000;3000000;0,01;nej
Martin Caceres;Uruguay;Forsvar;3000000;3000000;0,00;ja
Guillermo Varela;Uruguay;Forsvar;3000000;3000000;0,60;nej
Jose Luis Rodriguez Bebanz;Uruguay;Forsvar;3000000;3000000;0,00;ja
Sergino Dest;USA;Forsvar;3000000;3000000;1,01;nej
Chris Richards;USA;Forsvar;3000000;3000000;0,32;nej
Max Arfsten;USA;Forsvar;3000000;3000000;0,05;nej
Deiver Machado;Colombia;Forsvar;3000000;3000000;0,07;nej
Yerry Mina;Colombia;Forsvar;3000000;3000000;0,20;nej
Juan Cabal;Colombia;Forsvar;3000000;3000000;0,00;ja
Angelo Preciado;Ecuador;Forsvar;3000000;3000000;0,10;nej
Felix 'Feliz' Torres;Ecuador;Forsvar;3000000;3000000;0,11;nej
Willian Pacho;Ecuador;Forsvar;3000000;3000000;2,30;nej
Amar Dedic;Bosnien-Hercegovina;Forsvar;3000000;3000000;0,34;nej
Nikola Katic;Bosnien-Hercegovina;Forsvar;3000000;3000000;0,10;nej
Tarik Muharemovic;Bosnien-Hercegovina;Forsvar;3000000;3000000;0,18;nej
Arthur Theate;Belgien;Forsvar;3000000;3000000;0,98;nej
Koni de Winter;Belgien;Forsvar;3000000;3000000;0,16;nej
Hussein Ali;Irak;Forsvar;3000000;3000000;0,02;nej
Eric Davis;Panama;Forsvar;3000000;3000000;0,08;nej
Rami Rabia;Egypten;Forsvar;3000000;3000000;0,06;nej
Nayef Aguerd;Marokko;Forsvar;3000000;3000000;0,25;nej
Abdoulaye Seck;Senegal;Forsvar;3000000;3000000;0,14;nej
Moussa Niakhate;Senegal;Forsvar;3000000;3000000;0,05;nej
Ali Abdi;Tunesien;Forsvar;3000000;3000000;0,10;nej
Montassar Talbi;Tunesien;Forsvar;3000000;3000000;0,02;nej
Saud Abdulhamid;Saudi-Arabien;Forsvar;3000000;3000000;0,01;nej
Andy Robertson;Skotland;Forsvar;3000000;3000000;4,09;nej
Richie Laryea;Canada;Forsvar;3000000;3000000;0,06;nej
Alistair Johnston;Canada;Forsvar;3000000;3000000;0,28;nej
Abdukodir Khusanov;Usbekistan;Forsvar;3000000;3000000;0,33;nej
Diney Borges;Kap Verde;Forsvar;3000000;3000000;0,02;nej
Sidny Lopes Cabral;Kap Verde;Forsvar;3000000;3000000;0,02;nej
Kristoffer Ajer;Norge;Forsvar;3000000;3000000;2,76;nej
David Møller Wolfe;Norge;Forsvar;3000000;3000000;1,22;nej
Axel Tuanzebe;Congo DR;Forsvar;3000000;3000000;0,08;nej
Aaron Wan-Bissaka;Congo DR;Forsvar;3000000;3000000;0,18;nej
Matthieu Epolo;Congo DR;Keeper;3000000;3000000;0,02;nej
Sander Tangvik;Norge;Keeper;3000000;3000000;0,11;nej
Maxime Crepeau;Canada;Keeper;3000000;3000000;4,49;nej
Liam Kelly;Skotland;Keeper;3000000;3000000;0,07;nej
Mohammed Al-Owais;Saudi-Arabien;Keeper;3000000;3000000;0,01;nej
Aymen Dahmen;Tunesien;Keeper;3000000;3000000;0,02;nej
Bechir Ben Said;Tunesien;Keeper;3000000;3000000;0,00;ja
Mory Diaw;Senegal;Keeper;3000000;3000000;0,02;nej
Yehvann Diouf;Senegal;Keeper;3000000;3000000;0,02;nej
Munir Mohamedi El Kajoui;Marokko;Keeper;3000000;3000000;0,02;nej
El Mehdi Benabid;Marokko;Keeper;3000000;3000000;0,00;ja
Mohamed El-Shennawy;Egypten;Keeper;3000000;3000000;0,09;nej
Alireza Beiranvand;Iran;Keeper;3000000;3000000;1,49;nej
Nikola Vasilj;Bosnien-Hercegovina;Keeper;3000000;3000000;0,23;nej
Gonzalo Valle;Ecuador;Keeper;3000000;3000000;0,05;nej
Matt Turner;USA;Keeper;3000000;3000000;0,25;nej
Ronwen Williams;Sydafrika;Keeper;3000000;3000000;0,05;nej
Gaston Olveira;Paraguay;Keeper;3000000;3000000;0,03;nej
Orlando Gill;Paraguay;Keeper;3000000;3000000;0,01;nej
Roberto 'Gatito' Fernandez;Paraguay;Keeper;3000000;3000000;0,04;nej
Guillermo Ochoa;Mexico;Keeper;3000000;3000000;0,91;nej
Seung-Gyu Kim;Sydkorea;Keeper;3000000;3000000;0,06;nej
Benjamin Asare;Ghana;Keeper;3000000;3000000;0,14;nej
Lawrence Ati Zigi;Ghana;Keeper;3000000;3000000;0,03;nej
Yahia Fofana;Elfenbenskysten;Keeper;3000000;3000000;0,26;nej
Mohamed Kone;Elfenbenskysten;Keeper;3000000;3000000;0,05;nej
Mathew Ryan;Australien;Keeper;3000000;3000000;0,20;nej
Luca Zidane;Algeriet;Keeper;3000000;3000000;0,13;nej
Alexis Guendouz;Algeriet;Keeper;3000000;3000000;0,00;ja
Anthony Mandrea;Algeriet;Keeper;3000000;3000000;0,00;ja
Dominik Kotarski;Kroatien;Keeper;3000000;3000000;0,19;nej
Patrick Pentz;Østrig;Keeper;3000000;3000000;0,56;nej
Muhammed Sengezer;Tyrkiet;Keeper;3000000;3000000;0,00;ja
Altay Bayindir;Tyrkiet;Keeper;3000000;3000000;0,27;nej
Matej Kovar;Tjekkiet;Keeper;3000000;3000000;0,38;nej
Marvin Keller;Schweiz;Keeper;3000000;3000000;0,09;nej
Pascal Loretz;Schweiz;Keeper;3000000;3000000;0,00;ja
Yvon Mvogo;Schweiz;Keeper;3000000;3000000;0,05;nej
Denis Zakaria;Schweiz;Midtbane;3000000;3000000;0,38;nej
Djibril Sow;Schweiz;Midtbane;3000000;3000000;0,17;nej
Noah Okafor;Schweiz;Midtbane;3000000;3000000;0,43;nej
Johan Manzambi;Schweiz;Midtbane;3000000;3000000;1,23;nej
Fabian Rieder;Schweiz;Midtbane;3000000;3000000;1,49;nej
Lukas Provod;Tjekkiet;Midtbane;3000000;3000000;0,05;nej
Pedro 'Pote' Goncalves;Portugal;Midtbane;3000000;3000000;0,00;ja
Lukas Cerv;Tjekkiet;Midtbane;3000000;3000000;0,04;nej
Orkun Kökcü;Tyrkiet;Midtbane;3000000;3000000;0,47;nej
Patrick Wimmer;Østrig;Midtbane;3000000;3000000;0,82;nej
Romano Schmid;Østrig;Midtbane;3000000;3000000;0,50;nej
Konrad Laimer;Østrig;Midtbane;3000000;3000000;1,03;nej
Toni Fruk;Kroatien;Midtbane;3000000;3000000;0,05;nej
Martin Baturina;Kroatien;Midtbane;3000000;3000000;0,09;nej
Petar Sucic;Kroatien;Midtbane;3000000;3000000;0,10;nej
Nikola Vlasic;Kroatien;Midtbane;3000000;3000000;0,09;nej
Pascal Gross;Tyskland;Midtbane;3000000;3000000;0,30;nej
Felix Nmecha;Tyskland;Midtbane;3000000;3000000;3,76;nej
Assan Ouedraogo;Tyskland;Midtbane;3000000;3000000;0,25;nej
Jamie Leweling;Tyskland;Midtbane;3000000;3000000;0,23;nej
Warren Zaire-Emery;Frankrig;Midtbane;3000000;3000000;1,26;nej
Eduardo Camavinga;Frankrig;Midtbane;3000000;3000000;0,01;ja
N'Golo Kante;Frankrig;Midtbane;3000000;3000000;2,21;nej
Frenkie de Jong;Holland;Midtbane;3000000;3000000;7,99;nej
Quinten Timber;Holland;Midtbane;3000000;3000000;0,16;nej
Pablo Barrios;Spanien;Midtbane;3000000;3000000;0,00;ja
Crysencio Summerville;Holland;Midtbane;3000000;3000000;1,44;nej
Aleix Garcia;Spanien;Midtbane;3000000;3000000;0,01;ja
Jesper Karlström;Sverige;Midtbane;3000000;3000000;0,12;nej
Pablo Fornals;Spanien;Midtbane;3000000;3000000;0,00;ja
Roony Bardghji;Sverige;Midtbane;3000000;3000000;0,00;ja
Ibrahim Maza;Algeriet;Midtbane;3000000;3000000;0,13;nej
Connor Metcalfe;Australien;Midtbane;3000000;3000000;0,06;nej
Andrey Santos;Brasilien;Midtbane;3000000;3000000;0,01;ja
Danilo dos Santos;Brasilien;Midtbane;3000000;3000000;1,18;nej
Ibrahim Sangare;Elfenbenskysten;Midtbane;3000000;3000000;0,11;nej
Franck Kessie;Elfenbenskysten;Midtbane;3000000;3000000;0,51;nej
Eberechi Eze;England;Midtbane;3000000;3000000;3,10;nej
Thomas Partey;Ghana;Midtbane;3000000;3000000;0,29;nej
Keito Nakamura;Japan;Midtbane;3000000;3000000;0,48;nej
Hee-Chan Hwang;Sydkorea;Midtbane;3000000;3000000;0,22;nej
Edson Alvarez;Mexico;Midtbane;3000000;3000000;1,40;nej
Elijah Just;New Zealand;Midtbane;3000000;3000000;0,03;nej
Orbelin Pineda;Mexico;Midtbane;3000000;3000000;0,45;nej
Erick Sanchez;Mexico;Midtbane;3000000;3000000;0,02;ja
Alejandro Romero Gamarra;Paraguay;Midtbane;3000000;3000000;0,09;nej
Ramon Sosa;Paraguay;Midtbane;3000000;3000000;0,02;nej
Diego Gomez;Paraguay;Midtbane;3000000;3000000;0,15;nej
Sphephelo Yaya Sithole;Sydafrika;Midtbane;3000000;3000000;0,04;nej
Thalente Mbatha;Sydafrika;Midtbane;3000000;3000000;0,02;nej
Rodrigo Bentancur;Uruguay;Midtbane;3000000;3000000;0,25;nej
Juan Manuel Sanabria;Uruguay;Midtbane;3000000;3000000;0,05;nej
Nicolas de la Cruz;Uruguay;Midtbane;3000000;3000000;0,12;nej
Brenden Aaronson;USA;Midtbane;3000000;3000000;0,37;nej
Giovanni Reyna;USA;Midtbane;3000000;3000000;0,27;nej
Sebastian Berhalter;USA;Midtbane;3000000;3000000;0,05;nej
Tyler Adams;USA;Midtbane;3000000;3000000;0,24;nej
Jefferson Lerma;Colombia;Midtbane;3000000;3000000;0,34;nej
Kendry Paez;Ecuador;Midtbane;3000000;3000000;0,13;nej
Kevin Castano;Colombia;Midtbane;3000000;3000000;0,03;nej
Jhon Arias;Colombia;Midtbane;3000000;3000000;6,80;nej
Moises Caicedo;Ecuador;Midtbane;3000000;3000000;1,11;nej
John Yeboah;Ecuador;Midtbane;3000000;3000000;0,18;nej
Alan Minda;Ecuador;Midtbane;3000000;3000000;0,10;nej
Amar Memic;Bosnien-Hercegovina;Midtbane;3000000;3000000;0,06;nej
Armin Gigovic;Bosnien-Hercegovina;Midtbane;3000000;3000000;0,09;nej
Benjamin Tahirovic;Bosnien-Hercegovina;Midtbane;3000000;3000000;0,32;nej
Esmir Bajraktarevic;Bosnien-Hercegovina;Midtbane;3000000;3000000;0,26;nej
Mehdi Ghayedi;Iran;Midtbane;3000000;3000000;0,06;nej
Ivan Sunjic;Bosnien-Hercegovina;Midtbane;3000000;3000000;0,03;nej
Axel Witsel;Belgien;Midtbane;3000000;3000000;0,64;nej
Ali Jasim;Irak;Midtbane;3000000;3000000;0,04;nej
Amadou Onana;Belgien;Midtbane;3000000;3000000;2,00;nej
Amir Al Ammari;Irak;Midtbane;3000000;3000000;0,04;nej
Mahmoud Trezeguet;Egypten;Midtbane;3000000;3000000;0,11;nej
Marwan Ateya;Egypten;Midtbane;3000000;3000000;0,03;nej
Ibrahim Adel;Egypten;Midtbane;3000000;3000000;0,08;nej
Ahmed Zizo;Egypten;Midtbane;3000000;3000000;0,15;nej
Azzedine Ounahi;Marokko;Midtbane;3000000;3000000;0,35;nej
Bilal El Khannouss;Marokko;Midtbane;3000000;3000000;0,32;nej
Eliesse Ben Seghir;Marokko;Midtbane;3000000;3000000;0,01;ja
Lamine Camara;Senegal;Midtbane;3000000;3000000;0,07;nej
Neil El Aynaoui;Marokko;Midtbane;3000000;3000000;0,10;nej
Iliman Ndiaye;Senegal;Midtbane;3000000;3000000;0,64;nej
Pape Alassane Gueye;Senegal;Midtbane;3000000;3000000;0,05;nej
Idrissa Gana Gueye;Senegal;Midtbane;3000000;3000000;0,12;nej
Rani Khedira;Tunesien;Midtbane;3000000;3000000;0,02;nej
Ferjani Sassi;Tunesien;Midtbane;3000000;3000000;0,00;ja
Hannibal Mejbri;Tunesien;Midtbane;3000000;3000000;0,05;nej
Mohamed Kanno;Saudi-Arabien;Midtbane;3000000;3000000;0,03;nej
Salem Al-Dawsari;Saudi-Arabien;Midtbane;3000000;3000000;0,05;nej
Ben Doak;Skotland;Midtbane;3000000;3000000;0,40;nej
Jonathan Osorio;Canada;Midtbane;3000000;3000000;0,06;nej
Billy Gilmour;Skotland;Midtbane;3000000;3000000;0,02;ja
Mousa Tamari;Jordan;Midtbane;3000000;3000000;0,02;nej
Ali Ahmed;Canada;Midtbane;3000000;3000000;0,09;nej
Nathan Saliba;Canada;Midtbane;3000000;3000000;0,03;nej
Ismael Kone;Canada;Midtbane;3000000;3000000;0,11;nej
Liam Millar;Canada;Midtbane;3000000;3000000;0,05;nej
Juninho Bacuna;Curaçao;Midtbane;3000000;3000000;0,04;nej
Sander Berge;Norge;Midtbane;3000000;3000000;0,61;nej
Fredrik Aursnes;Norge;Midtbane;3000000;3000000;0,25;nej
Oscar Bobb;Norge;Midtbane;3000000;3000000;1,26;nej
Danley Jean Jacques;Haiti;Midtbane;3000000;3000000;0,02;nej
Meschack Elia;Congo DR;Midtbane;3000000;3000000;0,03;nej
Jean-Ricner Bellegarde;Haiti;Midtbane;3000000;3000000;0,03;nej
Theo Bongonda;Congo DR;Midtbane;3000000;3000000;0,03;nej
Samuel Moutoussamy;Congo DR;Midtbane;3000000;3000000;0,02;nej
Fiston Mayele;Congo DR;Angreb;3000000;3000000;0,00;nej
Frantzdy Pierrot;Haiti;Angreb;3000000;3000000;0,00;nej
Wilson Isidor;Haiti;Angreb;3000000;3000000;0,02;nej
Don Deedson Louicius;Haiti;Angreb;3000000;3000000;0,01;nej
Jearl Margaritha;Curaçao;Angreb;3000000;3000000;0,02;nej
Jørgen Strand Larsen;Norge;Angreb;3000000;3000000;0,45;nej
Ryan Mendes Da Graça;Kap Verde;Angreb;3000000;3000000;0,00;nej
Dailon Livramento;Kap Verde;Angreb;3000000;3000000;0,02;nej
Eldor Shomurodov;Usbekistan;Angreb;3000000;3000000;0,03;nej
Promise David;Canada;Angreb;3000000;3000000;0,04;nej
Cyle Christopher Larin;Canada;Angreb;3000000;3000000;0,06;nej
Che Adams;Skotland;Angreb;3000000;3000000;1,03;nej
Ahmed Alaaeldin Abdelmotaal;Qatar;Angreb;3000000;3000000;0,00;nej
Almoez Ali;Qatar;Angreb;3000000;3000000;0,04;nej
Pape Cherif Ndiaye;Senegal;Angreb;3000000;3000000;0,03;nej
Abde Ezzalzouli;Marokko;Angreb;3000000;3000000;0,33;nej
Jose Fajardo;Panama;Angreb;3000000;3000000;0,03;nej
Mohanad Ali;Irak;Angreb;3000000;3000000;0,02;nej
Haris Tabakovic;Bosnien-Hercegovina;Angreb;3000000;3000000;0,03;nej
Mohammad Mohebi;Iran;Angreb;3000000;3000000;0,01;nej
Amirhossein Hosseinzadeh;Iran;Angreb;3000000;3000000;0,01;nej
Ermedin Demirovic;Bosnien-Hercegovina;Angreb;3000000;3000000;0,12;nej
Kevin Rodriguez;Ecuador;Angreb;3000000;3000000;0,04;nej
Jhon Cordoba;Colombia;Angreb;3000000;3000000;0,07;nej
Patrick Agyemang;USA;Angreb;3000000;3000000;0,00;ja
Timothy Weah;USA;Angreb;3000000;3000000;0,11;nej
Agustin Alvarez;Uruguay;Angreb;3000000;3000000;0,01;ja
Thapelo Morena;Sydafrika;Angreb;3000000;3000000;0,00;ja
Rodrigo Aguirre;Uruguay;Angreb;3000000;3000000;0,04;nej
Julian Quinones;Mexico;Angreb;3000000;3000000;0,62;nej
German Berterame;Mexico;Angreb;3000000;3000000;0,00;ja
Iñaki Williams;Ghana;Angreb;3000000;3000000;0,36;nej
Jordan Ayew;Ghana;Angreb;3000000;3000000;0,68;nej
Kamaldeen Sulemana;Ghana;Angreb;3000000;3000000;0,08;nej
Jarrod Bowen;England;Angreb;3000000;3000000;0,00;ja
Yan Diomande;Elfenbenskysten;Angreb;3000000;3000000;1,40;nej
Evann Guessand;Elfenbenskysten;Angreb;3000000;3000000;0,05;nej
Martial Godo;Elfenbenskysten;Angreb;3000000;3000000;0,00;ja
Rayan;Brasilien;Angreb;3000000;3000000;0,21;nej
Luiz Henrique;Brasilien;Angreb;3000000;3000000;0,21;nej
Mohamed Toure;Australien;Angreb;3000000;3000000;0,04;nej
Amine Gouiri;Algeriet;Angreb;3000000;3000000;0,07;nej
Baghdad Bounedjah;Algeriet;Angreb;3000000;3000000;0,00;ja
Benjamin Nygren;Sverige;Angreb;3000000;3000000;0,20;nej
Victor Munoz;Spanien;Angreb;3000000;3000000;0,18;nej
Samuel Aghehowa;Spanien;Angreb;3000000;3000000;0,00;ja
Noa Lang;Holland;Angreb;3000000;3000000;0,09;nej
Wout Weghorst;Holland;Angreb;3000000;3000000;0,24;nej
Marco Pasalic;Kroatien;Angreb;3000000;3000000;0,06;nej
Baris Alper Yilmaz;Tyrkiet;Angreb;3000000;3000000;0,97;nej
Tomas Chory;Tjekkiet;Angreb;3000000;3000000;0,03;nej
Christian Fassnacht;Schweiz;Angreb;3000000;3000000;0,05;nej
Aurele Amenda;Schweiz;Forsvar;2500000;2500000;0,15;nej
Miro Muheim;Schweiz;Forsvar;2500000;2500000;0,06;nej
Robin Hranac;Tjekkiet;Forsvar;2500000;2500000;0,05;nej
Martin Vitik;Tjekkiet;Forsvar;2500000;2500000;0,00;ja
Jaroslav Zeleny;Tjekkiet;Forsvar;2500000;2500000;0,04;nej
Samet Akaydin;Tyrkiet;Forsvar;2500000;2500000;0,03;nej
Zeki Celik;Tyrkiet;Forsvar;2500000;2500000;0,40;nej
Ozan Kabak;Tyrkiet;Forsvar;2500000;2500000;0,23;nej
Caglar Soyuncu;Tyrkiet;Forsvar;2500000;2500000;0,14;nej
Kevin Danso;Østrig;Forsvar;2500000;2500000;0,44;nej
Phillipp Mwene;Østrig;Forsvar;2500000;2500000;1,71;nej
Maximilian Wöber;Østrig;Forsvar;2500000;2500000;0,00;ja
David Affengruber;Østrig;Forsvar;2500000;2500000;0,03;nej
Alexander Prass;Østrig;Forsvar;2500000;2500000;0,17;nej
Michael Svoboda;Østrig;Forsvar;2500000;2500000;0,02;nej
Marin Pongracic;Kroatien;Forsvar;2500000;2500000;0,05;nej
Nathaniel Brown;Tyskland;Forsvar;2500000;2500000;27,17;nej
Lutsharel Geertruida;Holland;Forsvar;2500000;2500000;0,09;nej
Jurrien Timber;Holland;Forsvar;2500000;2500000;0,54;ja
Jorrel Hato;Holland;Forsvar;2500000;2500000;0,40;nej
Carl Starfelt;Sverige;Forsvar;2500000;2500000;0,07;nej
Emil Holm;Sverige;Forsvar;2500000;2500000;0,01;ja
Isak Hien;Sverige;Forsvar;2500000;2500000;0,19;nej
Youcef Atal;Algeriet;Forsvar;2500000;2500000;0,00;ja
Jaouen Hadjam;Algeriet;Forsvar;2500000;2500000;0,02;nej
Rafik Belghali;Algeriet;Forsvar;2500000;2500000;0,01;nej
Zineddine Belaid;Algeriet;Forsvar;2500000;2500000;0,02;nej
Facundo Medina;Argentina;Forsvar;2500000;2500000;0,44;nej
Jason Geria;Australien;Forsvar;2500000;2500000;0,01;nej
Agustin Giay;Argentina;Forsvar;2500000;2500000;0,00;ja
Alessandro Circati;Australien;Forsvar;2500000;2500000;0,06;nej
Kye Rowles;Australien;Forsvar;2500000;2500000;0,00;ja
Harry Souttar;Australien;Forsvar;2500000;2500000;0,04;nej
Aziz Behich;Australien;Forsvar;2500000;2500000;0,02;nej
Milos Degenek;Australien;Forsvar;2500000;2500000;0,02;nej
Douglas Santos;Brasilien;Forsvar;2500000;2500000;2,25;nej
Alex Sandro;Brasilien;Forsvar;2500000;2500000;3,08;nej
Danilo Luiz da Silva;Brasilien;Forsvar;2500000;2500000;1,91;nej
Roger Ibanez;Brasilien;Forsvar;2500000;2500000;0,40;nej
Ghislain Konan;Elfenbenskysten;Forsvar;2500000;2500000;0,04;nej
Wilfried Stephane Singo;Elfenbenskysten;Forsvar;2500000;2500000;0,14;nej
Ousmane Diomande;Elfenbenskysten;Forsvar;2500000;2500000;0,30;nej
Emmanuel Agbadou;Elfenbenskysten;Forsvar;2500000;2500000;0,17;nej
Odilon Kossounou;Elfenbenskysten;Forsvar;2500000;2500000;0,02;nej
Evan N'Dicka;Elfenbenskysten;Forsvar;2500000;2500000;0,16;nej
Djed Spence;England;Forsvar;2500000;2500000;0,78;nej
Jarell Quansah;England;Forsvar;2500000;2500000;0,29;nej
Jerome Opoku;Ghana;Forsvar;2500000;2500000;0,05;nej
Alidu Seidu;Ghana;Forsvar;2500000;2500000;0,04;nej
Abdul Rahman Baba;Ghana;Forsvar;2500000;2500000;0,11;nej
Jonas Adjetey;Ghana;Forsvar;2500000;2500000;0,01;nej
Ayumu Seko;Japan;Forsvar;2500000;2500000;0,10;nej
Junnosuke Suzuki;Japan;Forsvar;2500000;2500000;0,49;nej
Hiroki Ito;Japan;Forsvar;2500000;2500000;0,40;nej
Moon-Hwan Kim;Sydkorea;Forsvar;2500000;2500000;0,06;nej
Yu-Min Cho;Sydkorea;Forsvar;2500000;2500000;0,00;ja
Tae-Seok Lee;Sydkorea;Forsvar;2500000;2500000;0,07;nej
Everardo Lopez;Mexico;Forsvar;2500000;2500000;0,00;ja
Mateo Chavez;Mexico;Forsvar;2500000;2500000;0,12;nej
Jorge Sanchez;Mexico;Forsvar;2500000;2500000;3,15;nej
Liberato Cacace;New Zealand;Forsvar;2500000;2500000;0,01;nej
Tim Payne;New Zealand;Forsvar;2500000;2500000;0,08;nej
Francis de Vries;New Zealand;Forsvar;2500000;2500000;0,03;nej
Tyler Bindon;New Zealand;Forsvar;2500000;2500000;0,00;nej
Fabian Balbuena;Paraguay;Forsvar;2500000;2500000;0,03;nej
Gustavo Velazquez;Paraguay;Forsvar;2500000;2500000;0,02;nej
Alan Benitez;Paraguay;Forsvar;2500000;2500000;0,00;ja
Mbekezeli Mbokazi;Sydafrika;Forsvar;2500000;2500000;0,02;nej
Nkosinathi Sibisi;Sydafrika;Forsvar;2500000;2500000;0,01;nej
Sebastian Caceres;Uruguay;Forsvar;2500000;2500000;0,08;nej
Auston Trusty;USA;Forsvar;2500000;2500000;0,04;nej
Joe Scally;USA;Forsvar;2500000;2500000;0,03;nej
Tim Ream;USA;Forsvar;2500000;2500000;0,11;nej
Alex Freeman;USA;Forsvar;2500000;2500000;0,46;nej
Willer Ditta;Colombia;Forsvar;2500000;2500000;0,08;nej
Yerson Mosquera;Colombia;Forsvar;2500000;2500000;0,00;ja
Joel Ordonez;Ecuador;Forsvar;2500000;2500000;0,82;nej
Jose Hurtado;Ecuador;Forsvar;2500000;2500000;0,00;ja
Nihad Mujakic;Bosnien-Hercegovina;Forsvar;2500000;2500000;0,01;nej
Dennis Hadzikadunic;Bosnien-Hercegovina;Forsvar;2500000;2500000;0,04;nej
Sead Kolasinac;Bosnien-Hercegovina;Forsvar;2500000;2500000;0,09;nej
Stjepan Radeljic;Bosnien-Hercegovina;Forsvar;2500000;2500000;0,01;nej
Ali Nemati;Iran;Forsvar;2500000;2500000;0,07;nej
Danial Esmaeilifar;Iran;Forsvar;2500000;2500000;0,01;ja
Hossein Kanaani;Iran;Forsvar;2500000;2500000;0,04;nej
Saleh Hardani;Iran;Forsvar;2500000;2500000;0,02;nej
Shojae Khalilzadeh;Iran;Forsvar;2500000;2500000;0,04;nej
Milad Mohammadi;Iran;Forsvar;2500000;2500000;0,05;nej
Ramin Rezaeian;Iran;Forsvar;2500000;2500000;0,03;nej
Brandon Mechele;Belgien;Forsvar;2500000;2500000;0,36;nej
Joaquin Seys;Belgien;Forsvar;2500000;2500000;0,06;nej
Zaid Tahseen;Irak;Forsvar;2500000;2500000;0,02;nej
Merchas Doski;Irak;Forsvar;2500000;2500000;0,03;nej
Jorge Gutierrez;Panama;Forsvar;2500000;2500000;0,01;nej
Jose Cordoba;Panama;Forsvar;2500000;2500000;0,01;nej
Fidel Escobar;Panama;Forsvar;2500000;2500000;0,03;nej
Michael Amir Murillo;Panama;Forsvar;2500000;2500000;0,02;nej
Andres Andrade;Panama;Forsvar;2500000;2500000;0,01;nej
Cesar Blackman;Panama;Forsvar;2500000;2500000;0,01;nej
Hossam Abdelmaguid;Egypten;Forsvar;2500000;2500000;0,02;nej
Yasser Ibrahim;Egypten;Forsvar;2500000;2500000;0,03;nej
Mohamed Hany;Egypten;Forsvar;2500000;2500000;0,06;nej
Mohamed Abdelmonem;Egypten;Forsvar;2500000;2500000;0,04;nej
Ahmed Fatouh;Egypten;Forsvar;2500000;2500000;0,10;nej
Abdelhamid Ait Boudlal;Marokko;Forsvar;2500000;2500000;0,00;ja
Jawad El Yamiq;Marokko;Forsvar;2500000;2500000;0,00;ja
Issa Diop;Marokko;Forsvar;2500000;2500000;0,38;nej
Anass Salah-Eddine;Marokko;Forsvar;2500000;2500000;0,13;nej
Mamadou Sarr;Senegal;Forsvar;2500000;2500000;0,08;nej
Antoine Mendy;Senegal;Forsvar;2500000;2500000;0,10;nej
Kalidou Koulibaly;Senegal;Forsvar;2500000;2500000;0,20;nej
Ismail Jakobs;Senegal;Forsvar;2500000;2500000;0,03;nej
Mohamed Amine Ben Hamida;Tunesien;Forsvar;2500000;2500000;0,02;nej
Dylan Bronn;Tunesien;Forsvar;2500000;2500000;0,04;nej
Yassine Meriah;Tunesien;Forsvar;2500000;2500000;0,00;ja
Yan Valery;Tunesien;Forsvar;2500000;2500000;0,02;nej
Ali Majrashi;Saudi-Arabien;Forsvar;2500000;2500000;0,01;nej
Nawaf Bu Washl;Saudi-Arabien;Forsvar;2500000;2500000;0,01;nej
Abdulelah Al-Amri;Saudi-Arabien;Forsvar;2500000;2500000;0,03;nej
Mohammed Abu Al-Shamat;Saudi-Arabien;Forsvar;2500000;2500000;0,01;nej
Lucas Mendes;Qatar;Forsvar;2500000;2500000;0,01;nej
Boualem Khoukhi;Qatar;Forsvar;2500000;2500000;0,00;nej
Pedro 'Ro-Ro' Miguel Correia;Qatar;Forsvar;2500000;2500000;0,01;nej
Sultan Al-Brake;Qatar;Forsvar;2500000;2500000;0,00;nej
Tarek Salman;Qatar;Forsvar;2500000;2500000;0,00;ja
Homam Al-Amin Ahmed;Qatar;Forsvar;2500000;2500000;0,00;nej
Ayoub Al-Oui;Qatar;Forsvar;2500000;2500000;0,02;nej
John Souttar;Skotland;Forsvar;2500000;2500000;0,13;nej
Scott McKenna;Skotland;Forsvar;2500000;2500000;0,20;nej
Aaron Hickey;Skotland;Forsvar;2500000;2500000;0,75;nej
Grant Hanley;Skotland;Forsvar;2500000;2500000;0,16;nej
Anthony Ralston;Skotland;Forsvar;2500000;2500000;0,11;nej
Kieran Tierney;Skotland;Forsvar;2500000;2500000;0,37;nej
Moïse Bombito;Canada;Forsvar;2500000;2500000;0,05;nej
Kamal Miller;Canada;Forsvar;2500000;2500000;0,00;ja
Derek Cornelius;Canada;Forsvar;2500000;2500000;0,25;nej
Joel Waterman;Canada;Forsvar;2500000;2500000;0,03;nej
Jakhongir Urozov;Usbekistan;Forsvar;2500000;2500000;0,01;nej
Mukhammadkodir Khamraliev;Usbekistan;Forsvar;2500000;2500000;0,00;ja
Umar Eshmurodov;Usbekistan;Forsvar;2500000;2500000;0,00;nej
Rustam Ashurmatov;Usbekistan;Forsvar;2500000;2500000;0,00;nej
Farrukh Sayfiev;Usbekistan;Forsvar;2500000;2500000;0,01;nej
Khozhiakbar Alizhonov;Usbekistan;Forsvar;2500000;2500000;0,01;nej
Sherzod Nasrullaev;Usbekistan;Forsvar;2500000;2500000;0,01;nej
Ehsan Haddad;Jordan;Forsvar;2500000;2500000;0,00;nej
Ahmad Assaf;Jordan;Forsvar;2500000;2500000;0,00;ja
Yazan Al-Arab;Jordan;Forsvar;2500000;2500000;0,01;nej
Abdallah Nasib;Jordan;Forsvar;2500000;2500000;0,08;nej
Mohammad Abualnadi;Jordan;Forsvar;2500000;2500000;0,01;nej
Saleem Obaid;Jordan;Forsvar;2500000;2500000;0,01;nej
Wagner Pina;Kap Verde;Forsvar;2500000;2500000;0,02;nej
Heri Tavares;Kap Verde;Forsvar;2500000;2500000;0,00;ja
Joao Paulo;Kap Verde;Forsvar;2500000;2500000;0,01;nej
Logan Costa;Kap Verde;Forsvar;2500000;2500000;0,01;nej
Stopira;Kap Verde;Forsvar;2500000;2500000;0,01;nej
Leo Østigård;Norge;Forsvar;2500000;2500000;0,70;nej
Fredrik Andre Bjørkan;Norge;Forsvar;2500000;2500000;0,29;nej
Torbjørn Heggem;Norge;Forsvar;2500000;2500000;3,23;nej
Jurien Gaari;Curaçao;Forsvar;2500000;2500000;0,02;nej
Sherel Floranus;Curaçao;Forsvar;2500000;2500000;0,01;nej
Joshua Brenet;Curaçao;Forsvar;2500000;2500000;0,02;nej
Roshon van Eijma;Curaçao;Forsvar;2500000;2500000;0,01;nej
Livano Comenencia;Curaçao;Forsvar;2500000;2500000;0,00;nej
Jean-Kevin Duverne;Haiti;Forsvar;2500000;2500000;0,00;nej
Ricardo Ade;Haiti;Forsvar;2500000;2500000;0,01;nej
Duke Lacroix;Haiti;Forsvar;2500000;2500000;0,03;nej
Hannes Delcroix;Haiti;Forsvar;2500000;2500000;0,02;nej
Dylan Batubinsika;Congo DR;Forsvar;2500000;2500000;0,01;nej
Jeremy Ngakia;Congo DR;Forsvar;2500000;2500000;0,00;ja
Chancel Mbemba;Congo DR;Forsvar;2500000;2500000;0,04;nej
Arthur Masuaku;Congo DR;Forsvar;2500000;2500000;0,04;nej
Gedeon Kalulu;Congo DR;Forsvar;2500000;2500000;0,01;nej
Joris Kayembe;Congo DR;Forsvar;2500000;2500000;0,01;nej
Timothy Fayulu;Congo DR;Keeper;2500000;2500000;0,01;nej
Lionel Mpasi Nzau;Congo DR;Keeper;2500000;2500000;0,05;nej
Tyrick Bodak;Curaçao;Keeper;2500000;2500000;0,02;nej
Trevor Doornbusch;Curaçao;Keeper;2500000;2500000;0,02;nej
Johny Placide;Haiti;Keeper;2500000;2500000;0,01;nej
Alexandre Pierre;Haiti;Keeper;2500000;2500000;0,02;nej
Josue Duverger;Haiti;Keeper;2500000;2500000;0,01;nej
Eloy Room;Curaçao;Keeper;2500000;2500000;0,02;nej
Viljar Myhra;Norge;Keeper;2500000;2500000;0,00;ja
CJ Dos Santos;Kap Verde;Keeper;2500000;2500000;0,02;nej
Bruno Varela;Kap Verde;Keeper;2500000;2500000;0,00;ja
Marcio Rosa;Kap Verde;Keeper;2500000;2500000;0,01;nej
Vozinha;Kap Verde;Keeper;2500000;2500000;0,05;nej
Abdallah Al-Fakhouri;Jordan;Keeper;2500000;2500000;0,20;nej
Abdel Rahman Al-Talalga;Jordan;Keeper;2500000;2500000;0,00;ja
Yazeed Abulaila;Jordan;Keeper;2500000;2500000;0,14;nej
Noureddin Bani Attiah;Jordan;Keeper;2500000;2500000;0,01;nej
Utkir Yusupov;Usbekistan;Keeper;2500000;2500000;0,03;nej
Abduvokhid Nematov;Usbekistan;Keeper;2500000;2500000;0,05;nej
Botirali Ergashev;Usbekistan;Keeper;2500000;2500000;0,01;nej
Owen Goodman;Canada;Keeper;2500000;2500000;0,07;nej
Craig Gordon;Skotland;Keeper;2500000;2500000;0,24;nej
Scott Bain;Skotland;Keeper;2500000;2500000;0,00;ja
Mahmoud Abunada;Qatar;Keeper;2500000;2500000;0,01;nej
Shehab Ellethy;Qatar;Keeper;2500000;2500000;0,00;ja
Meshaal Barsham;Qatar;Keeper;2500000;2500000;0,01;nej
Salah Zakaria;Qatar;Keeper;2500000;2500000;0,01;nej
Nawaf Al-Aqidi;Saudi-Arabien;Keeper;2500000;2500000;0,01;nej
Ahmed Al-Kassar;Saudi-Arabien;Keeper;2500000;2500000;0,03;nej
Abdulrahman Al-Sanbi;Saudi-Arabien;Keeper;2500000;2500000;0,00;ja
Mohammed Al-Rubaie Al-Yami;Saudi-Arabien;Keeper;2500000;2500000;0,00;ja
Noureddine Farhati;Tunesien;Keeper;2500000;2500000;0,00;ja
Abdelmouhib Chamakh;Tunesien;Keeper;2500000;2500000;0,07;nej
Sabri Ben Hessen;Tunesien;Keeper;2500000;2500000;0,02;nej
El Mehdi Al Harrar;Marokko;Keeper;2500000;2500000;0,00;ja
Ahmed Reda Tagnaouti;Marokko;Keeper;2500000;2500000;0,18;nej
Mohamed Alaa;Egypten;Keeper;2500000;2500000;0,02;nej
El Mahdi Soliman;Egypten;Keeper;2500000;2500000;0,03;nej
Mostafa Oufa Shobeir;Egypten;Keeper;2500000;2500000;0,14;nej
Kumel Al-Rekabe;Irak;Keeper;2500000;2500000;0,00;ja
Luis Mejia;Panama;Keeper;2500000;2500000;0,01;nej
Cesar Samudio;Panama;Keeper;2500000;2500000;0,03;nej
Orlando Mosquera;Panama;Keeper;2500000;2500000;0,05;nej
Fahad Talib;Irak;Keeper;2500000;2500000;0,01;nej
Jalal Hassan;Irak;Keeper;2500000;2500000;0,01;nej
Ahmed Basil Fadhil;Irak;Keeper;2500000;2500000;0,04;nej
Seyed Hossein Hosseini;Iran;Keeper;2500000;2500000;0,02;nej
Mohammad Khalife;Iran;Keeper;2500000;2500000;0,00;ja
Payam Niazmand;Iran;Keeper;2500000;2500000;0,03;nej
Mladen Jurkas;Bosnien-Hercegovina;Keeper;2500000;2500000;0,02;nej
Martin Zlomislic;Bosnien-Hercegovina;Keeper;2500000;2500000;0,03;nej
Osman Hadzikic;Bosnien-Hercegovina;Keeper;2500000;2500000;0,00;ja
David Cabezas;Ecuador;Keeper;2500000;2500000;0,00;ja
Moises Ramirez;Ecuador;Keeper;2500000;2500000;0,06;nej
Chris Brady;USA;Keeper;2500000;2500000;0,16;nej
Patrick Schulte;USA;Keeper;2500000;2500000;0,00;ja
Ricardo Goss;Sydafrika;Keeper;2500000;2500000;0,02;nej
Sipho Chaine;Sydafrika;Keeper;2500000;2500000;0,04;nej
Juan Espinola;Paraguay;Keeper;2500000;2500000;0,00;ja
Carlos Miguel Coronel;Paraguay;Keeper;2500000;2500000;0,00;ja
Alex Paulsen;New Zealand;Keeper;2500000;2500000;0,04;nej
Michael Woud;New Zealand;Keeper;2500000;2500000;0,01;nej
Max Crocombe;New Zealand;Keeper;2500000;2500000;0,03;nej
Bum-Keun Song;Sydkorea;Keeper;2500000;2500000;0,07;nej
Solomon Agbasi;Ghana;Keeper;2500000;2500000;0,00;ja
Paul Reverson;Ghana;Keeper;2500000;2500000;0,00;ja
Joseph Anang;Ghana;Keeper;2500000;2500000;0,03;nej
Alban Lafont;Elfenbenskysten;Keeper;2500000;2500000;0,21;nej
Paul Izzo;Australien;Keeper;2500000;2500000;0,06;nej
Patrick Beach;Australien;Keeper;2500000;2500000;0,03;nej
Oussama Benbout;Algeriet;Keeper;2500000;2500000;0,01;nej
Melvin Feycal Mastil;Algeriet;Keeper;2500000;2500000;0,01;nej
Ivor Pandur;Kroatien;Keeper;2500000;2500000;0,13;nej
Florian Wiegele;Østrig;Keeper;2500000;2500000;0,06;nej
Nikolas Polster;Østrig;Keeper;2500000;2500000;0,00;ja
Jindrich Stanek;Tjekkiet;Keeper;2500000;2500000;0,06;nej
Martin Jedlicka;Tjekkiet;Keeper;2500000;2500000;0,00;ja
Lukas Hornicek;Tjekkiet;Keeper;2500000;2500000;0,05;nej
Vincent Sierro;Schweiz;Midtbane;2500000;2500000;0,00;ja
Michel Aebischer;Schweiz;Midtbane;2500000;2500000;0,59;nej
Alvyn Sanches;Schweiz;Midtbane;2500000;2500000;0,00;ja
Adam Karabec;Tjekkiet;Midtbane;2500000;2500000;0,01;ja
Michal Sadilek;Tjekkiet;Midtbane;2500000;2500000;0,02;nej
Samu Costa;Portugal;Midtbane;2500000;2500000;0,38;nej
Ismail Yüksek;Tyrkiet;Midtbane;2500000;2500000;0,11;nej
Alessandro Schöpf;Østrig;Midtbane;2500000;2500000;0,11;nej
Paul Wanner;Østrig;Midtbane;2500000;2500000;0,06;nej
Nicolas Seiwald;Østrig;Midtbane;2500000;2500000;0,11;nej
Carney Chukwuemeka;Østrig;Midtbane;2500000;2500000;0,12;nej
Xaver Schlager;Østrig;Midtbane;2500000;2500000;0,12;nej
Florian Grillitsch;Østrig;Midtbane;2500000;2500000;0,06;nej
Nikola Moro;Kroatien;Midtbane;2500000;2500000;0,04;nej
Lovro Majer;Kroatien;Midtbane;2500000;2500000;0,00;ja
Nadiem Amiri;Tyskland;Midtbane;2500000;2500000;0,17;nej
Angelo Stiller;Tyskland;Midtbane;2500000;2500000;0,77;nej
Luciano Valente;Holland;Midtbane;2500000;2500000;0,00;ja
Marten de Roon;Holland;Midtbane;2500000;2500000;0,06;nej
Justin Kluivert;Holland;Midtbane;2500000;2500000;0,45;nej
Mats Wieffer;Holland;Midtbane;2500000;2500000;0,06;nej
Guus Til;Holland;Midtbane;2500000;2500000;0,09;nej
Mattias Svanberg;Sverige;Midtbane;2500000;2500000;0,06;nej
Ken Sema;Sverige;Midtbane;2500000;2500000;0,03;nej
Herman Johansson;Sverige;Midtbane;2500000;2500000;0,07;nej
Hugo Larsson;Sverige;Midtbane;2500000;2500000;0,00;ja
Lucas Bergvall;Sverige;Midtbane;2500000;2500000;0,41;nej
Himad Abdelli;Algeriet;Midtbane;2500000;2500000;0,00;ja
Ramiz Zerrouki;Algeriet;Midtbane;2500000;2500000;0,01;nej
Fares Chaibi;Algeriet;Midtbane;2500000;2500000;0,03;nej
Hicham Boudaoui;Algeriet;Midtbane;2500000;2500000;0,01;nej
Ismael Bennacer;Algeriet;Midtbane;2500000;2500000;0,00;ja
Nabil Bentaleb;Algeriet;Midtbane;2500000;2500000;0,03;nej
Houssem Aouar;Algeriet;Midtbane;2500000;2500000;0,07;nej
Alan Varela;Argentina;Midtbane;2500000;2500000;0,03;ja
Valentin Barco;Argentina;Midtbane;2500000;2500000;0,70;nej
Cristian Volpato;Australien;Midtbane;2500000;2500000;0,03;nej
Riley McGree;Australien;Midtbane;2500000;2500000;0,00;ja
Jackson Irvine;Australien;Midtbane;2500000;2500000;0,03;nej
Aiden O'Neill;Australien;Midtbane;2500000;2500000;0,12;nej
Fabinho;Brasilien;Midtbane;2500000;2500000;0,60;nej
Vitinho;Brasilien;Midtbane;2500000;2500000;0,01;ja
Gabriel Sara;Brasilien;Midtbane;2500000;2500000;0,00;ja
Seko Fofana;Elfenbenskysten;Midtbane;2500000;2500000;0,15;nej
Jean Michael Seri;Elfenbenskysten;Midtbane;2500000;2500000;0,04;nej
Ederson;Brasilien;Midtbane;2500000;2500000;0,50;nej
Kobbie Mainoo;England;Midtbane;2500000;2500000;2,55;nej
Ibrahim Sulemana;Ghana;Midtbane;2500000;2500000;0,00;ja
Elisha Owusu;Ghana;Midtbane;2500000;2500000;0,05;nej
Wataru Endo;Japan;Midtbane;2500000;2500000;0,23;nej
Kwasi Sibo;Ghana;Midtbane;2500000;2500000;0,03;nej
Ao Tanaka;Japan;Midtbane;2500000;2500000;0,25;nej
Kaishu Sano;Japan;Midtbane;2500000;2500000;0,06;nej
Jens Castrop;Sydkorea;Midtbane;2500000;2500000;0,03;nej
In-beom Hwang;Sydkorea;Midtbane;2500000;2500000;0,07;nej
Hyun-Jun Yang;Sydkorea;Midtbane;2500000;2500000;0,06;nej
Jun-ho Bae;Sydkorea;Midtbane;2500000;2500000;0,02;nej
Jin-gyu Kim;Sydkorea;Midtbane;2500000;2500000;0,03;nej
Jin-seob Park;Sydkorea;Midtbane;2500000;2500000;0,01;nej
Brian Gutierrez;Mexico;Midtbane;2500000;2500000;6,32;nej
Alvaro Fidalgo;Mexico;Midtbane;2500000;2500000;1,17;nej
Obed Vargas;Mexico;Midtbane;2500000;2500000;0,06;nej
Joe Bell;New Zealand;Midtbane;2500000;2500000;0,04;nej
Carlos Rodriguez;Mexico;Midtbane;2500000;2500000;0,00;ja
Erik Lira;Mexico;Midtbane;2500000;2500000;0,14;nej
Gilberto Mora;Mexico;Midtbane;2500000;2500000;0,49;nej
Cesar Huerta;Mexico;Midtbane;2500000;2500000;0,09;nej
Luis Romo;Mexico;Midtbane;2500000;2500000;0,04;nej
Roberto Alvarado;Mexico;Midtbane;2500000;2500000;4,13;nej
Callum McCowatt;New Zealand;Midtbane;2500000;2500000;0,18;nej
Ryan Thomas;New Zealand;Midtbane;2500000;2500000;0,01;nej
Marko Stamenic;New Zealand;Midtbane;2500000;2500000;0,02;nej
Sarpreet Singh;New Zealand;Midtbane;2500000;2500000;0,01;nej
Matthew Garbett;New Zealand;Midtbane;2500000;2500000;0,02;nej
Alex Rufer;New Zealand;Midtbane;2500000;2500000;0,02;nej
Andres Cubas;Paraguay;Midtbane;2500000;2500000;0,05;nej
Damian Bobadilla;Paraguay;Midtbane;2500000;2500000;0,04;nej
Matias Galarza Fonda;Paraguay;Midtbane;2500000;2500000;0,02;nej
Joaquin Piquerez;Uruguay;Midtbane;2500000;2500000;0,03;nej
Themba Zwane;Sydafrika;Midtbane;2500000;2500000;0,01;nej
Nicolas Fonseca;Uruguay;Midtbane;2500000;2500000;0,00;ja
Agustin Canobbio;Uruguay;Midtbane;2500000;2500000;0,36;nej
Emiliano Martinez Toranza;Uruguay;Midtbane;2500000;2500000;0,05;nej
Tanner Tessmann;USA;Midtbane;2500000;2500000;0,00;ja
Cristian Roldan;USA;Midtbane;2500000;2500000;0,09;nej
Aidan Morris;USA;Midtbane;2500000;2500000;0,00;ja
Gustavo Puerta;Colombia;Midtbane;2500000;2500000;0,07;nej
Juan Quintero;Colombia;Midtbane;2500000;2500000;0,05;nej
Alan Franco;Ecuador;Midtbane;2500000;2500000;0,07;nej
Denil Castillo;Ecuador;Midtbane;2500000;2500000;0,18;nej
Juan Portilla;Colombia;Midtbane;2500000;2500000;0,03;nej
Jaminton Campaz;Colombia;Midtbane;2500000;2500000;0,03;nej
Jorge Carrascal;Colombia;Midtbane;2500000;2500000;0,04;nej
Pedro Vite;Ecuador;Midtbane;2500000;2500000;0,06;nej
Ivan Basic;Bosnien-Hercegovina;Midtbane;2500000;2500000;0,04;nej
Dzenis Burnic;Bosnien-Hercegovina;Midtbane;2500000;2500000;0,01;nej
Mohammad Ghorbani;Iran;Midtbane;2500000;2500000;0,04;nej
Saman Ghoddos;Iran;Midtbane;2500000;2500000;0,05;nej
Saeid Ezatolahi;Iran;Midtbane;2500000;2500000;0,05;nej
Omid Noorafkan;Iran;Midtbane;2500000;2500000;0,00;ja
Nicolas Raskin;Belgien;Midtbane;2500000;2500000;0,19;nej
Aimar Sher;Irak;Midtbane;2500000;2500000;0,02;nej
Ibrahim Bayesh;Irak;Midtbane;2500000;2500000;0,02;nej
Marko Farji;Irak;Midtbane;2500000;2500000;0,01;nej
Zidane Iqbal;Irak;Midtbane;2500000;2500000;0,01;nej
Youssef Amyn;Irak;Midtbane;2500000;2500000;0,01;nej
Zaid Ismail;Irak;Midtbane;2500000;2500000;0,01;nej
Jose Luis Rodriguez Francis;Panama;Midtbane;2500000;2500000;0,03;nej
Emam Ashour;Egypten;Midtbane;2500000;2500000;0,07;nej
Carlos Harvey;Panama;Midtbane;2500000;2500000;0,02;nej
Adalberto Carrasquilla;Panama;Midtbane;2500000;2500000;0,08;nej
Anibal Godoy;Panama;Midtbane;2500000;2500000;0,02;nej
Cristian Martinez;Panama;Midtbane;2500000;2500000;0,02;nej
Mohanad Lasheen;Egypten;Midtbane;2500000;2500000;0,01;nej
Hamdy Fathy;Egypten;Midtbane;2500000;2500000;0,02;nej
Mahmoud Saber;Egypten;Midtbane;2500000;2500000;0,01;nej
Ayoube Amaimouni-Echghouyab;Marokko;Midtbane;2500000;2500000;0,05;nej
Soufiane Rahimi;Marokko;Midtbane;2500000;2500000;0,06;nej
Sofyan Amrabat;Marokko;Midtbane;2500000;2500000;0,21;nej
Hakim Ziyech;Marokko;Midtbane;2500000;2500000;0,02;ja
Habib Diarra;Senegal;Midtbane;2500000;2500000;0,05;nej
Oussama Targhalline;Marokko;Midtbane;2500000;2500000;0,00;ja
Pape Matar Sarr;Senegal;Midtbane;2500000;2500000;0,14;nej
Pathe Ciss;Senegal;Midtbane;2500000;2500000;0,03;nej
Anis Ben Slimane;Tunesien;Midtbane;2500000;2500000;0,19;nej
Ellyes Skhiri;Tunesien;Midtbane;2500000;2500000;0,01;nej
Naim Sliti;Tunesien;Midtbane;2500000;2500000;0,00;ja
Ismael Gharbi;Tunesien;Midtbane;2500000;2500000;0,01;nej
Elias Saad;Tunesien;Midtbane;2500000;2500000;0,01;nej
Ayman Yahya Salem;Saudi-Arabien;Midtbane;2500000;2500000;0,01;nej
Saleh Al-Shamat;Saudi-Arabien;Midtbane;2500000;2500000;0,00;ja
Musab Al-Juwayr;Saudi-Arabien;Midtbane;2500000;2500000;0,01;nej
Ziyad Al-Johani;Saudi-Arabien;Midtbane;2500000;2500000;0,02;nej
Abdullah Al-Khaibari;Saudi-Arabien;Midtbane;2500000;2500000;0,04;nej
Nasser Al-Dawsari;Saudi-Arabien;Midtbane;2500000;2500000;0,02;nej
Abdulrahman Al-Obood;Saudi-Arabien;Midtbane;2500000;2500000;0,00;ja
Khalid Al-Ghannam;Saudi-Arabien;Midtbane;2500000;2500000;0,01;nej
Mohamed Al-Mannai;Qatar;Midtbane;2500000;2500000;0,01;nej
Assim Madibo;Qatar;Midtbane;2500000;2500000;0,01;nej
Jassem Gaber;Qatar;Midtbane;2500000;2500000;0,00;nej
Mohammed Waad;Qatar;Midtbane;2500000;2500000;0,00;ja
Hassan Al-Haydos;Qatar;Midtbane;2500000;2500000;0,01;nej
Karim Boudiaf;Qatar;Midtbane;2500000;2500000;0,00;nej
Ahmed Fathi;Qatar;Midtbane;2500000;2500000;0,01;nej
Abdulaziz Hatim Mohammed;Qatar;Midtbane;2500000;2500000;0,08;nej
Kenny McLean;Skotland;Midtbane;2500000;2500000;0,08;nej
Ryan Christie;Skotland;Midtbane;2500000;2500000;1,18;nej
David 'Junior' Hoilett;Canada;Midtbane;2500000;2500000;0,00;ja
Mohammad Abu 'Shararh' Zrayq;Jordan;Midtbane;2500000;2500000;0,01;nej
Mohammad Abu Hasheesh;Jordan;Midtbane;2500000;2500000;0,00;nej
Noor Al-Rawabdeh;Jordan;Midtbane;2500000;2500000;0,01;nej
Ibrahim Saadeh;Jordan;Midtbane;2500000;2500000;0,02;nej
Amer Jamous;Jordan;Midtbane;2500000;2500000;0,01;nej
Mohannad Abu Taha;Jordan;Midtbane;2500000;2500000;0,02;nej
Laros Duarte;Kap Verde;Midtbane;2500000;2500000;0,01;nej
Ailson Tavares;Kap Verde;Midtbane;2500000;2500000;0,00;ja
Deroy Duarte;Kap Verde;Midtbane;2500000;2500000;0,03;nej
Jamiro Monteiro;Kap Verde;Midtbane;2500000;2500000;0,01;nej
Odildzhon Khamrobekov;Usbekistan;Midtbane;2500000;2500000;0,01;nej
Akmal Mozgovoy;Usbekistan;Midtbane;2500000;2500000;0,02;nej
Abbosbek Fayzullaev;Usbekistan;Midtbane;2500000;2500000;0,10;nej
Oston Urunov;Usbekistan;Midtbane;2500000;2500000;0,01;nej
Jaloliddin Masharipov;Usbekistan;Midtbane;2500000;2500000;0,01;nej
Otabek Shukurov;Usbekistan;Midtbane;2500000;2500000;0,01;nej
Stephen Eustaquio;Canada;Midtbane;2500000;2500000;0,08;nej
Aziz Ganiev;Usbekistan;Midtbane;2500000;2500000;0,01;nej
Mathieu Choiniere;Canada;Midtbane;2500000;2500000;0,03;nej
Niko Sigur;Canada;Midtbane;2500000;2500000;0,02;nej
Telmo Arcanjo;Kap Verde;Midtbane;2500000;2500000;0,01;nej
Morten Thorsby;Norge;Midtbane;2500000;2500000;0,06;nej
Patrick Berg;Norge;Midtbane;2500000;2500000;0,23;nej
Rajaei Ayed;Jordan;Midtbane;2500000;2500000;0,01;nej
Jens Petter Hauge;Norge;Midtbane;2500000;2500000;0,41;nej
Kristian Arnstad;Norge;Midtbane;2500000;2500000;0,00;ja
Leandro Bacuna;Curaçao;Midtbane;2500000;2500000;0,02;nej
Leverton Pierre;Haiti;Midtbane;2500000;2500000;0,01;nej
Grady Diangana;Congo DR;Midtbane;2500000;2500000;0,00;ja
Noah Sadiki;Congo DR;Midtbane;2500000;2500000;0,03;nej
Ngal'ayel Mukau;Congo DR;Midtbane;2500000;2500000;0,02;nej
Nathanael Mbuku;Congo DR;Midtbane;2500000;2500000;0,01;nej
Edo Kayembe;Congo DR;Midtbane;2500000;2500000;0,01;nej
Charles Pickel;Congo DR;Midtbane;2500000;2500000;0,04;nej
Gaël Kakuta;Congo DR;Midtbane;2500000;2500000;0,01;nej
Ruben Providence;Haiti;Angreb;2500000;2500000;0,01;nej
Simon Banza;Congo DR;Angreb;2500000;2500000;0,01;nej
Josue Casimir;Haiti;Angreb;2500000;2500000;0,01;nej
Gervane Kastaneer;Curaçao;Angreb;2500000;2500000;0,01;nej
Kenji Gorre;Curaçao;Angreb;2500000;2500000;0,00;nej
Gilson Benchimol Tavares;Kap Verde;Angreb;2500000;2500000;0,01;nej
Garry Mendes Rodrigues;Kap Verde;Angreb;2500000;2500000;0,01;nej
Jovane Cabral;Kap Verde;Angreb;2500000;2500000;0,01;nej
Nuno da Costa;Kap Verde;Angreb;2500000;2500000;0,01;nej
Helio Varela;Kap Verde;Angreb;2500000;2500000;0,00;nej
Tani Oluwaseyi;Canada;Angreb;2500000;2500000;0,02;nej
Ibrahim Sabra;Jordan;Angreb;2500000;2500000;0,01;nej
Baha'a Faisal;Jordan;Angreb;2500000;2500000;0,00;ja
Daniel Jebbison;Canada;Angreb;2500000;2500000;0,00;ja
George Hirst;Skotland;Angreb;2500000;2500000;0,03;nej
Edmilson Junior;Qatar;Angreb;2500000;2500000;0,02;nej
Lawrence Shankland;Skotland;Angreb;2500000;2500000;0,50;nej
Lyndon Dykes;Skotland;Angreb;2500000;2500000;0,02;nej
Tommy Conway;Skotland;Angreb;2500000;2500000;0,00;ja
Sultan Mandash;Saudi-Arabien;Angreb;2500000;2500000;0,02;nej
Saleh Al-Shehri;Saudi-Arabien;Angreb;2500000;2500000;0,01;nej
Abdullah Al-Hamdan;Saudi-Arabien;Angreb;2500000;2500000;0,04;nej
Youssef Msakni;Tunesien;Angreb;2500000;2500000;0,00;ja
Firas Chaouat;Tunesien;Angreb;2500000;2500000;0,01;nej
Krepin Diatta;Senegal;Angreb;2500000;2500000;0,02;nej
Chemsdine Talbi;Marokko;Angreb;2500000;2500000;0,04;nej
Assane Diao Diaoune;Senegal;Angreb;2500000;2500000;0,04;nej
Habib Diallo;Senegal;Angreb;2500000;2500000;0,00;ja
Amine Adli;Marokko;Angreb;2500000;2500000;0,00;ja
Ismael Diaz;Panama;Angreb;2500000;2500000;0,01;nej
Matias Fernandez-Pardo;Belgien;Angreb;2500000;2500000;0,03;nej
Ali Al-Hamadi;Irak;Angreb;2500000;2500000;0,02;nej
Alireza Jahanbakhsh;Iran;Angreb;2500000;2500000;0,02;nej
Ali Alipour;Iran;Angreb;2500000;2500000;0,01;nej
Jordy Caicedo;Ecuador;Angreb;2500000;2500000;0,03;nej
Haji Wright;USA;Angreb;2500000;2500000;0,07;nej
Ricardo Pepi;USA;Angreb;2500000;2500000;0,08;nej
Iqraam Rayners;Sydafrika;Angreb;2500000;2500000;0,00;nej
Relebohile Mofokeng;Sydafrika;Angreb;2500000;2500000;0,01;nej
Evidence Makgopa;Sydafrika;Angreb;2500000;2500000;0,00;nej
Mohau Nkota;Sydafrika;Angreb;2500000;2500000;0,00;ja
Tshepang Moremi;Sydafrika;Angreb;2500000;2500000;0,01;nej
Alex Arce;Paraguay;Angreb;2500000;2500000;0,04;nej
Ben Waine;New Zealand;Angreb;2500000;2500000;0,02;nej
Logan Rogerson;New Zealand;Angreb;2500000;2500000;0,00;ja
Kosta Barbarouses;New Zealand;Angreb;2500000;2500000;0,02;nej
Alexis Vega;Mexico;Angreb;2500000;2500000;0,29;nej
Armando Gonzalez;Mexico;Angreb;2500000;2500000;0,07;nej
Gue-sung Cho;Sydkorea;Angreb;2500000;2500000;0,23;nej
Yuito Suzuki;Japan;Angreb;2500000;2500000;0,17;nej
Shuto Machino;Japan;Angreb;2500000;2500000;0,00;ja
Daizen Maeda;Japan;Angreb;2500000;2500000;0,05;nej
Keisuke Goto;Japan;Angreb;2500000;2500000;0,03;nej
Kento Shiogai;Japan;Angreb;2500000;2500000;0,01;nej
Christopher Bonsu Baah;Ghana;Angreb;2500000;2500000;0,01;nej
Brandon Thomas-Asante;Ghana;Angreb;2500000;2500000;0,02;nej
Issahaku Abdul Fatawu;Ghana;Angreb;2500000;2500000;0,02;nej
Ernest Nuamah;Ghana;Angreb;2500000;2500000;0,05;nej
Ange-Yoan Bonny;Elfenbenskysten;Angreb;2500000;2500000;0,04;nej
Elye Wahi;Elfenbenskysten;Angreb;2500000;2500000;0,02;nej
Nicolas Pepe;Elfenbenskysten;Angreb;2500000;2500000;0,10;nej
Simon Adingra;Elfenbenskysten;Angreb;2500000;2500000;0,04;nej
Benie Traore;Elfenbenskysten;Angreb;2500000;2500000;0,00;ja
Oumar Diakite;Elfenbenskysten;Angreb;2500000;2500000;0,01;nej
Endrick;Brasilien;Angreb;2500000;2500000;3,34;nej
Martin Boyle;Australien;Angreb;2500000;2500000;0,00;ja
Deni Juric;Australien;Angreb;2500000;2500000;0,00;ja
Nishan Velupillay;Australien;Angreb;2500000;2500000;0,01;nej
Jose Manuel Lopez;Argentina;Angreb;2500000;2500000;0,08;nej
Amin Chiakha;Algeriet;Angreb;2500000;2500000;0,01;ja
Anis Hadj Moussa;Algeriet;Angreb;2500000;2500000;0,02;nej
Adil Boulbina;Algeriet;Angreb;2500000;2500000;0,01;nej
Williot Swedberg;Sverige;Angreb;2500000;2500000;0,00;ja
Brian Brobbey;Holland;Angreb;2500000;2500000;0,19;nej
Maximilian Beier;Tyskland;Angreb;2500000;2500000;0,16;nej
Petar Musa;Kroatien;Angreb;2500000;2500000;0,03;nej
Igor Matanovic;Kroatien;Angreb;2500000;2500000;0,03;nej
Sasa Kalajdzic;Østrig;Angreb;2500000;2500000;0,03;nej
Yunus Akgün;Tyrkiet;Angreb;2500000;2500000;0,04;nej
Deniz Gül;Tyrkiet;Angreb;2500000;2500000;0,14;nej
Goncalo Guedes;Portugal;Angreb;2500000;2500000;0,14;nej
Mojmir Chytil;Tjekkiet;Angreb;2500000;2500000;0,01;nej
Jan Kuchta;Tjekkiet;Angreb;2500000;2500000;0,02;nej
Adam Hlozek;Tjekkiet;Angreb;2500000;2500000;0,09;nej
Joel Monteiro;Schweiz;Angreb;2500000;2500000;0,00;ja
Eray Cömert;Schweiz;Forsvar;2000000;2000000;0,15;nej
Becir Omeragic;Schweiz;Forsvar;2000000;2000000;0,00;ja
Cedric Zesiger;Schweiz;Forsvar;2000000;2000000;0,00;ja
Luca Jaquez;Schweiz;Forsvar;2000000;2000000;0,13;nej
Isaac Schmidt;Schweiz;Forsvar;2000000;2000000;0,00;ja
Adrian Bajrami;Schweiz;Forsvar;2000000;2000000;0,00;ja
Lucas Blondel;Schweiz;Forsvar;2000000;2000000;0,00;ja
Stepan Chaloupek;Tjekkiet;Forsvar;2000000;2000000;0,11;nej
David Jurasek;Tjekkiet;Forsvar;2000000;2000000;0,19;nej
David Zima;Tjekkiet;Forsvar;2000000;2000000;0,06;nej
Tomas Holes;Tjekkiet;Forsvar;2000000;2000000;0,18;nej
Mustafa Eskihellac;Tyrkiet;Forsvar;2000000;2000000;0,00;ja
Evren Eren Elmali;Tyrkiet;Forsvar;2000000;2000000;0,17;nej
Marco Friedl;Østrig;Forsvar;2000000;2000000;0,12;nej
Leopold Querfeld;Østrig;Forsvar;2000000;2000000;0,00;ja
Luka Vuskovic;Kroatien;Forsvar;2000000;2000000;1,54;nej
Ivan Smolcic;Kroatien;Forsvar;2000000;2000000;0,00;ja
Eric Smith;Sverige;Forsvar;2000000;2000000;0,09;nej
Hjalmar Ekdal;Sverige;Forsvar;2000000;2000000;0,11;nej
Victor Eriksson;Sverige;Forsvar;2000000;2000000;0,00;ja
Achref Abada;Algeriet;Forsvar;2000000;2000000;0,11;nej
Sohaib Nair;Algeriet;Forsvar;2000000;2000000;0,00;ja
Mohamed Amine Tougai;Algeriet;Forsvar;2000000;2000000;0,01;nej
Elliot Stroud;Sverige;Forsvar;2000000;2000000;0,12;nej
Samir Chergui;Algeriet;Forsvar;2000000;2000000;0,01;nej
Mehdi Dorval;Algeriet;Forsvar;2000000;2000000;0,00;ja
Lucas Herrington;Australien;Forsvar;2000000;2000000;0,03;nej
Kai Trewin;Australien;Forsvar;2000000;2000000;0,01;nej
Jacob Italiano;Australien;Forsvar;2000000;2000000;0,04;nej
Callum Elder;Australien;Forsvar;2000000;2000000;0,00;ja
Clement Akpa;Elfenbenskysten;Forsvar;2000000;2000000;0,00;ja
Christopher Operi;Elfenbenskysten;Forsvar;2000000;2000000;0,08;nej
Patric Pfeiffer;Ghana;Forsvar;2000000;2000000;0,00;ja
Kojo Peprah Oppong;Ghana;Forsvar;2000000;2000000;0,02;nej
Derrick Köhn;Ghana;Forsvar;2000000;2000000;0,00;ja
Derrick Luckassen;Ghana;Forsvar;2000000;2000000;0,01;nej
Abdul Mumin;Ghana;Forsvar;2000000;2000000;0,42;nej
Marvin Senaya;Ghana;Forsvar;2000000;2000000;0,04;nej
Yuto Nagatomo;Japan;Forsvar;2000000;2000000;0,23;nej
Ko Itakura;Japan;Forsvar;2000000;2000000;0,27;nej
Takehiro Tomiyasu;Japan;Forsvar;2000000;2000000;0,34;nej
Tomoya Ando;Japan;Forsvar;2000000;2000000;0,00;ja
Henry Mochizuki;Japan;Forsvar;2000000;2000000;0,00;ja
Daiki Hashioka;Japan;Forsvar;2000000;2000000;0,00;ja
Han-beom Lee;Sydkorea;Forsvar;2000000;2000000;0,55;nej
Tae-Hyeon Kim;Sydkorea;Forsvar;2000000;2000000;0,07;nej
Ju-sung Kim;Sydkorea;Forsvar;2000000;2000000;0,00;ja
Gi-hyuk Lee;Sydkorea;Forsvar;2000000;2000000;0,08;nej
Wi-je Cho;Sydkorea;Forsvar;2000000;2000000;0,09;nej
Jesus Angulo;Mexico;Forsvar;2000000;2000000;0,01;ja
Richard Ledezma;Mexico;Forsvar;2000000;2000000;0,00;ja
Finn Surman;New Zealand;Forsvar;2000000;2000000;0,02;nej
Michael Boxall;New Zealand;Forsvar;2000000;2000000;0,02;nej
Lukas Kelly-Heald;New Zealand;Forsvar;2000000;2000000;0,00;ja
James McGarry;New Zealand;Forsvar;2000000;2000000;0,00;ja
Callan Elliot;New Zealand;Forsvar;2000000;2000000;0,04;nej
Tommy Smith;New Zealand;Forsvar;2000000;2000000;0,05;nej
Bill Tuiloma;New Zealand;Forsvar;2000000;2000000;0,00;ja
Nando Pijnaker;New Zealand;Forsvar;2000000;2000000;0,01;nej
Jose Canale;Paraguay;Forsvar;2000000;2000000;0,04;nej
Blas Riveros;Paraguay;Forsvar;2000000;2000000;0,01;ja
Alexandro Maidana;Paraguay;Forsvar;2000000;2000000;0,10;nej
Alexis Duarte;Paraguay;Forsvar;2000000;2000000;0,04;ja
Gonzalo Agustin Sandez;Paraguay;Forsvar;2000000;2000000;0,00;ja
Ime Okon;Sydafrika;Forsvar;2000000;2000000;0,02;nej
Khulumani Ndamane;Sydafrika;Forsvar;2000000;2000000;0,02;nej
Samukele Kabini;Sydafrika;Forsvar;2000000;2000000;0,02;nej
Olwethu Makhanya;Sydafrika;Forsvar;2000000;2000000;0,01;nej
Bradley Cross;Sydafrika;Forsvar;2000000;2000000;0,05;nej
Kamogelo Sebelebele;Sydafrika;Forsvar;2000000;2000000;0,02;nej
Thabang Matuludi;Sydafrika;Forsvar;2000000;2000000;0,03;nej
Mark McKenzie;USA;Forsvar;2000000;2000000;0,11;nej
Miles Robinson;USA;Forsvar;2000000;2000000;0,24;nej
Antonee Robinson;USA;Forsvar;2000000;2000000;14,49;nej
Jackson Porozo;Ecuador;Forsvar;2000000;2000000;0,08;nej
Nidal Celik;Bosnien-Hercegovina;Forsvar;2000000;2000000;0,04;nej
Hossein Abarghouei;Iran;Forsvar;2000000;2000000;0,00;ja
Abolfazl Jalali;Iran;Forsvar;2000000;2000000;0,00;ja
Ehsan Hajsafi;Iran;Forsvar;2000000;2000000;0,04;nej
Daniyal Eiri;Iran;Forsvar;2000000;2000000;0,01;nej
Arya Yousefi;Iran;Forsvar;2000000;2000000;0,35;nej
Nathan Ngoy;Belgien;Forsvar;2000000;2000000;5,58;nej
Frans Dhia Putros;Irak;Forsvar;2000000;2000000;0,03;nej
Rebin Sulaka;Irak;Forsvar;2000000;2000000;0,01;nej
Ahmed Hasan Maknzi;Irak;Forsvar;2000000;2000000;0,00;ja
Akam Hashem;Irak;Forsvar;2000000;2000000;0,04;nej
Manaf Younis;Irak;Forsvar;2000000;2000000;0,01;nej
Roderick Miller;Panama;Forsvar;2000000;2000000;0,01;nej
Mustafa Saadoon;Irak;Forsvar;2000000;2000000;0,01;nej
Ahmed Yahya;Irak;Forsvar;2000000;2000000;0,04;nej
Jiovany Ramos;Panama;Forsvar;2000000;2000000;0,02;nej
Edgardo Farina;Panama;Forsvar;2000000;2000000;0,01;nej
Martin Krug;Panama;Forsvar;2000000;2000000;0,00;ja
Khaled Sobhi;Egypten;Forsvar;2000000;2000000;0,00;ja
Karim Hafez;Egypten;Forsvar;2000000;2000000;0,02;nej
Redouane Halhal;Marokko;Forsvar;2000000;2000000;0,09;nej
Ahmed Nabil Kouka;Egypten;Forsvar;2000000;2000000;0,00;ja
Tarek Alaa;Egypten;Forsvar;2000000;2000000;0,04;nej
Zakaria El Ouahdi;Marokko;Forsvar;2000000;2000000;0,26;nej
Chadi Riad;Marokko;Forsvar;2000000;2000000;0,38;nej
Souffian El Karouani;Marokko;Forsvar;2000000;2000000;0,00;ja
Youssef Belammari;Marokko;Forsvar;2000000;2000000;0,15;nej
Ilay Camara;Senegal;Forsvar;2000000;2000000;0,00;ja
Youssouf Sabaly;Senegal;Forsvar;2000000;2000000;0,00;ja
Pape Abou Cisse;Senegal;Forsvar;2000000;2000000;0,00;ja
Abdou Diallo;Senegal;Forsvar;2000000;2000000;0,00;ja
Raed Chikhaoui;Tunesien;Forsvar;2000000;2000000;0,01;nej
Adem Arous;Tunesien;Forsvar;2000000;2000000;0,05;nej
Ghaith Zaalouni;Tunesien;Forsvar;2000000;2000000;0,00;ja
Moustapha Mbow;Senegal;Forsvar;2000000;2000000;0,00;ja
Omar Rekik;Tunesien;Forsvar;2000000;2000000;0,02;nej
Ali Maaloul;Tunesien;Forsvar;2000000;2000000;0,00;ja
Alaa Ghram;Tunesien;Forsvar;2000000;2000000;0,00;ja
Moutaz Neffati;Tunesien;Forsvar;2000000;2000000;0,02;nej
Moteb Al-Harbi;Saudi-Arabien;Forsvar;2000000;2000000;0,01;nej
Mohammed Sulaiman;Saudi-Arabien;Forsvar;2000000;2000000;0,00;ja
Jehad Thakri;Saudi-Arabien;Forsvar;2000000;2000000;0,01;nej
Hassan Al Tambakti;Saudi-Arabien;Forsvar;2000000;2000000;0,01;nej
Ali Lajami;Saudi-Arabien;Forsvar;2000000;2000000;0,01;nej
Hassan Kadesh;Saudi-Arabien;Forsvar;2000000;2000000;0,01;nej
Al-Hashmi Al-Hussain;Qatar;Forsvar;2000000;2000000;0,03;nej
Seydinaissa Laye;Qatar;Forsvar;2000000;2000000;0,01;nej
Ross McCrorie;Skotland;Forsvar;2000000;2000000;0,00;ja
Jack Hendry;Skotland;Forsvar;2000000;2000000;0,21;nej
Nathan Patterson;Skotland;Forsvar;2000000;2000000;0,11;nej
Ralph Priso;Canada;Forsvar;2000000;2000000;0,00;ja
Dominic Hyam;Skotland;Forsvar;2000000;2000000;0,10;nej
Alfie Jones;Canada;Forsvar;2000000;2000000;0,20;nej
Jahkeele Rutty;Canada;Forsvar;2000000;2000000;0,00;ja
Luc De Fougerolles;Canada;Forsvar;2000000;2000000;1,19;nej
Behruzjon Karimov;Usbekistan;Forsvar;2000000;2000000;0,02;nej
Avazbek Ulmasaliyev;Usbekistan;Forsvar;2000000;2000000;0,01;nej
Mukhammadrasul Abdumazhidov;Usbekistan;Forsvar;2000000;2000000;0,00;ja
Abdulla Abdullaev;Usbekistan;Forsvar;2000000;2000000;0,13;nej
Dilshod Komilov;Usbekistan;Forsvar;2000000;2000000;0,00;ja
Anas Badawi;Jordan;Forsvar;2000000;2000000;0,03;nej
Husam Abu Dahab;Jordan;Forsvar;2000000;2000000;0,01;nej
Saed Al-Rosan;Jordan;Forsvar;2000000;2000000;0,01;nej
Yousef Abu Al-Jazar;Jordan;Forsvar;2000000;2000000;0,01;ja
Roberto Lopes;Kap Verde;Forsvar;2000000;2000000;0,02;nej
Steven Moreira;Kap Verde;Forsvar;2000000;2000000;0,02;nej
Kelvin Pires;Kap Verde;Forsvar;2000000;2000000;0,01;nej
Henrik Falchener;Norge;Forsvar;2000000;2000000;0,24;nej
Sondre Langås;Norge;Forsvar;2000000;2000000;0,28;nej
Marcus Holmgren Pedersen;Norge;Forsvar;2000000;2000000;0,35;nej
Odin Bjørtuft;Norge;Forsvar;2000000;2000000;0,00;ja
Shurandy Sambo;Curaçao;Forsvar;2000000;2000000;0,02;nej
Armando Obispo;Curaçao;Forsvar;2000000;2000000;0,03;nej
Riechedly Bazoer;Curaçao;Forsvar;2000000;2000000;0,02;nej
Deveron Fonville;Curaçao;Forsvar;2000000;2000000;0,02;nej
Keeto Thermoncy;Haiti;Forsvar;2000000;2000000;0,02;nej
Wilguens Paugain;Haiti;Forsvar;2000000;2000000;0,03;nej
Delentz Pierre;Haiti;Forsvar;2000000;2000000;0,00;ja
Carlens Arcus;Haiti;Forsvar;2000000;2000000;0,01;nej
Martin Experience;Haiti;Forsvar;2000000;2000000;0,03;nej
Rocky Bushiri;Congo DR;Forsvar;2000000;2000000;0,00;ja
Aaron Tshibola;Congo DR;Forsvar;2000000;2000000;0,17;nej
Steve Kapuadi;Congo DR;Forsvar;2000000;2000000;0,03;nej
Simon Sohm;Schweiz;Midtbane;2000000;2000000;0,00;ja
Filip Ugrinic;Schweiz;Midtbane;2000000;2000000;0,00;ja
Ardon Jashari;Schweiz;Midtbane;2000000;2000000;0,34;nej
Alex Kral;Tjekkiet;Midtbane;2000000;2000000;0,00;ja
David Doudera;Tjekkiet;Midtbane;2000000;2000000;0,05;nej
Denis Visinsky;Tjekkiet;Midtbane;2000000;2000000;0,04;nej
Hugo Sochurek;Tjekkiet;Midtbane;2000000;2000000;0,03;nej
Alexandr Sojka;Tjekkiet;Midtbane;2000000;2000000;0,10;nej
Vladimir Darida;Tjekkiet;Midtbane;2000000;2000000;0,15;nej
Atakan Karazor;Tyrkiet;Midtbane;2000000;2000000;0,00;ja
Irfan Can Kahveci;Tyrkiet;Midtbane;2000000;2000000;0,09;nej
Kaan Ayhan;Tyrkiet;Midtbane;2000000;2000000;0,04;nej
Oguz Aydin;Tyrkiet;Midtbane;2000000;2000000;0,04;nej
Salih Özcan;Tyrkiet;Midtbane;2000000;2000000;0,11;nej
Luka Sucic;Kroatien;Midtbane;2000000;2000000;0,37;nej
Kees Smit;Holland;Midtbane;2000000;2000000;0,01;ja
Alexander Bernhardsson;Sverige;Midtbane;2000000;2000000;0,28;nej
Taha Abdi Ali;Sverige;Midtbane;2000000;2000000;0,24;nej
Sebastian Nanasi;Sverige;Midtbane;2000000;2000000;0,00;ja
Besfort Zeneli;Sverige;Midtbane;2000000;2000000;0,08;nej
Yassine Titraoui;Algeriet;Midtbane;2000000;2000000;0,09;nej
Adil Aouchiche;Algeriet;Midtbane;2000000;2000000;0,00;ja
Paul Okon-Engstler;Australien;Midtbane;2000000;2000000;0,02;nej
Cameron Devlin;Australien;Midtbane;2000000;2000000;0,04;nej
Alexander 'Alex' Robertson;Australien;Midtbane;2000000;2000000;0,00;ja
Mathew Leckie;Australien;Midtbane;2000000;2000000;0,03;nej
Patrick Yazbek;Australien;Midtbane;2000000;2000000;0,00;ja
Ajdin Hrustic;Australien;Midtbane;2000000;2000000;0,12;nej
Christ Inao Oulaï;Elfenbenskysten;Midtbane;2000000;2000000;0,08;nej
Parfait Guiagon;Elfenbenskysten;Midtbane;2000000;2000000;0,04;nej
Augustine Boakye;Ghana;Midtbane;2000000;2000000;0,06;nej
Kodai Sano;Japan;Midtbane;2000000;2000000;0,00;ja
Ryunosuke Sato;Japan;Midtbane;2000000;2000000;0,00;ja
Koki Saito;Japan;Midtbane;2000000;2000000;0,00;ja
Joel Chima Fujita;Japan;Midtbane;2000000;2000000;0,00;ja
Seung-Ho Paik;Sydkorea;Midtbane;2000000;2000000;0,09;nej
Hyun-seok Hong;Sydkorea;Midtbane;2000000;2000000;0,00;ja
Hyeok-kyu Kwon;Sydkorea;Midtbane;2000000;2000000;0,00;ja
Ji-sung Eom;Sydkorea;Midtbane;2000000;2000000;0,06;nej
Dong-gyeong Lee;Sydkorea;Midtbane;2000000;2000000;0,12;nej
Denzell Garcia;Mexico;Midtbane;2000000;2000000;0,00;ja
Luis Chavez;Mexico;Midtbane;2000000;2000000;0,53;nej
Yuki Soma;Japan;Midtbane;2000000;2000000;0,01;ja
Ben Old;New Zealand;Midtbane;2000000;2000000;0,08;nej
Lachlan Bayliss;New Zealand;Midtbane;2000000;2000000;0,01;nej
Mauricio Magalhaes Prado;Paraguay;Midtbane;2000000;2000000;0,02;nej
Gustavo Caballero;Paraguay;Midtbane;2000000;2000000;0,03;nej
Hugo Cuenca;Paraguay;Midtbane;2000000;2000000;0,01;ja
Lucas Ramon Romero;Paraguay;Midtbane;2000000;2000000;0,00;ja
Braian Ojeda;Paraguay;Midtbane;2000000;2000000;0,03;nej
Jayden Adams;Sydafrika;Midtbane;2000000;2000000;0,03;nej
Carlos Andres Gomez;Colombia;Midtbane;2000000;2000000;0,22;nej
Alex Zendejas;USA;Midtbane;2000000;2000000;0,27;nej
Jordy Alcivar;Ecuador;Midtbane;2000000;2000000;0,04;nej
Yaimar Medina;Ecuador;Midtbane;2000000;2000000;0,15;nej
Amir Hadziahmetovic;Bosnien-Hercegovina;Midtbane;2000000;2000000;0,10;nej
Ermin Mahmic;Bosnien-Hercegovina;Midtbane;2000000;2000000;0,03;nej
Amir Mohammad Razzaghinia;Iran;Midtbane;2000000;2000000;0,03;nej
Roozbeh Cheshmi;Iran;Midtbane;2000000;2000000;0,01;nej
Mehdi Torabi;Iran;Midtbane;2000000;2000000;0,03;nej
Peter Gwargis;Irak;Midtbane;2000000;2000000;0,00;ja
Kevin Yakob;Irak;Midtbane;2000000;2000000;0,52;nej
Diego Moreira;Belgien;Midtbane;2000000;2000000;0,38;nej
Charles Vanhoutte;Belgien;Midtbane;2000000;2000000;0,00;ja
Ahmed Qasem;Irak;Midtbane;2000000;2000000;0,09;nej
Azarias Londono;Panama;Midtbane;2000000;2000000;0,03;nej
Cesar Yanis;Panama;Midtbane;2000000;2000000;0,03;nej
Hasan Abdulkareem;Irak;Midtbane;2000000;2000000;0,00;ja
Haissem Hassan;Egypten;Midtbane;2000000;2000000;0,04;nej
Alberto Quintero;Panama;Midtbane;2000000;2000000;0,07;nej
Yoel Barcenas;Panama;Midtbane;2000000;2000000;0,14;nej
Islam Issa;Egypten;Midtbane;2000000;2000000;0,00;ja
Mohamed Rabie Hrimat;Marokko;Midtbane;2000000;2000000;0,00;ja
Samir El Mourabet;Marokko;Midtbane;2000000;2000000;0,08;nej
Gessime Yassine;Marokko;Midtbane;2000000;2000000;0,06;nej
Nabil 'Dunga' Emad;Egypten;Midtbane;2000000;2000000;0,02;nej
Mostafa Ziko;Egypten;Midtbane;2000000;2000000;0,08;nej
Ayyoub Bouaddi;Marokko;Midtbane;2000000;2000000;0,39;nej
Mortadha Ben Ouanes;Tunesien;Midtbane;2000000;2000000;0,01;nej
Khalil Ayari;Tunesien;Midtbane;2000000;2000000;0,02;nej
Bara Sapoko Ndiaye;Senegal;Midtbane;2000000;2000000;0,08;nej
Cheikh Niasse;Senegal;Midtbane;2000000;2000000;0,00;ja
Nampalys Mendy;Senegal;Midtbane;2000000;2000000;0,00;ja
Sayfallah Ltaief;Tunesien;Midtbane;2000000;2000000;0,00;ja
Mohamed 'Hadj' Mahmoud;Tunesien;Midtbane;2000000;2000000;0,03;nej
Aissa Laidouni;Tunesien;Midtbane;2000000;2000000;0,00;ja
Amor Layouni;Tunesien;Midtbane;2000000;2000000;0,00;ja
Sebastian Tounekti;Tunesien;Midtbane;2000000;2000000;0,02;nej
Alaa Hejji;Saudi-Arabien;Midtbane;2000000;2000000;0,03;nej
Lennon Miller;Skotland;Midtbane;2000000;2000000;0,00;ja
Andrew Irving;Skotland;Midtbane;2000000;2000000;0,00;ja
Lewis Ferguson;Skotland;Midtbane;2000000;2000000;0,37;nej
Ahmed Al-Ganehi;Qatar;Midtbane;2000000;2000000;0,13;nej
Tahsin Jamshid;Qatar;Midtbane;2000000;2000000;0,02;nej
Marcelo Flores;Canada;Midtbane;2000000;2000000;0,05;nej
Tyler Fletcher;Skotland;Midtbane;2000000;2000000;0,16;nej
Mohammad Al-Dawoud;Jordan;Midtbane;2000000;2000000;0,01;nej
Yousef Qashi;Jordan;Midtbane;2000000;2000000;0,01;ja
Mohammad Taha;Jordan;Midtbane;2000000;2000000;0,00;ja
Nizar Al-Rashdan;Jordan;Midtbane;2000000;2000000;0,01;nej
Mahmoud Al-Mardi;Jordan;Midtbane;2000000;2000000;0,01;nej
Odeh Al-Fakhouri;Jordan;Midtbane;2000000;2000000;0,01;nej
Ali Azaizeh;Jordan;Midtbane;2000000;2000000;0,00;nej
Kevin Lenini Pina;Kap Verde;Midtbane;2000000;2000000;0,03;nej
Yannick Semedo;Kap Verde;Midtbane;2000000;2000000;0,07;nej
Jamshid Iskanderov;Usbekistan;Midtbane;2000000;2000000;0,00;nej
Alisher Odilov;Usbekistan;Midtbane;2000000;2000000;0,00;ja
Umarali Rakhmonaliyev;Usbekistan;Midtbane;2000000;2000000;0,00;ja
Ibrokhim Ibrokhimov;Usbekistan;Midtbane;2000000;2000000;0,00;ja
Dostonbek Khamdamov;Usbekistan;Midtbane;2000000;2000000;0,02;nej
Sherzod Esanov;Usbekistan;Midtbane;2000000;2000000;0,01;nej
Jacob Shaffelburg;Canada;Midtbane;2000000;2000000;0,05;nej
Felix Horn Myhre;Norge;Midtbane;2000000;2000000;0,01;ja
Kristian Thorstvedt;Norge;Midtbane;2000000;2000000;0,33;nej
Tahith Chong;Curaçao;Midtbane;2000000;2000000;0,11;nej
Thelo Aasgaard;Norge;Midtbane;2000000;2000000;0,41;nej
Dominique Simon;Haiti;Midtbane;2000000;2000000;0,01;nej
Tyrese Noslin;Curaçao;Midtbane;2000000;2000000;0,04;nej
Godfried Roemeratoe;Curaçao;Midtbane;2000000;2000000;0,02;nej
Kevin Felida;Curaçao;Midtbane;2000000;2000000;0,03;nej
Woodensky Pierre;Haiti;Midtbane;2000000;2000000;0,04;nej
Carl Sainte;Haiti;Midtbane;2000000;2000000;0,02;nej
Brian Cipenga;Congo DR;Midtbane;2000000;2000000;0,03;nej
Woobens Pacius;Haiti;Angreb;2000000;2000000;0,00;ja
Derrick Etienne Jr.;Haiti;Angreb;2000000;2000000;0,01;nej
Yassin Fortune;Haiti;Angreb;2000000;2000000;0,03;nej
Brandley Kuwas;Curaçao;Angreb;2000000;2000000;0,02;nej
Jeremy Antonisse;Curaçao;Angreb;2000000;2000000;0,01;nej
Jürgen Locadia;Curaçao;Angreb;2000000;2000000;0,02;nej
Ar'jany Martha;Curaçao;Angreb;2000000;2000000;0,02;nej
Sontje Hansen;Curaçao;Angreb;2000000;2000000;0,02;nej
Lenny Joseph;Haiti;Angreb;2000000;2000000;0,01;nej
Azizbek Amanov;Usbekistan;Angreb;2000000;2000000;0,01;nej
Igor Sergeev;Usbekistan;Angreb;2000000;2000000;0,00;nej
Aribim Pepple;Canada;Angreb;2000000;2000000;0,00;ja
Findlay Curtis;Skotland;Angreb;2000000;2000000;0,04;nej
Jacen Russell-Rowe;Canada;Angreb;2000000;2000000;0,00;ja
Mohammed Muntari;Qatar;Angreb;2000000;2000000;0,02;nej
Yusuf Abdurisag;Qatar;Angreb;2000000;2000000;0,06;nej
Ross Stewart;Skotland;Angreb;2000000;2000000;0,06;nej
Louey Ben Farhat;Tunesien;Angreb;2000000;2000000;0,00;ja
Rayan Elloumi;Tunesien;Angreb;2000000;2000000;0,02;nej
Boulaye Dia;Senegal;Angreb;2000000;2000000;0,00;ja
Bamba Dieng;Senegal;Angreb;2000000;2000000;0,05;nej
Aqtay Abdallah;Egypten;Angreb;2000000;2000000;0,00;ja
Hamza Abdelkarim;Egypten;Angreb;2000000;2000000;0,03;nej
Nasser Mansy;Egypten;Angreb;2000000;2000000;0,00;ja
Kadir Barria;Panama;Angreb;2000000;2000000;0,00;ja
Cecilio Waterman;Panama;Angreb;2000000;2000000;0,02;nej
Tomas Rodriguez;Panama;Angreb;2000000;2000000;0,04;nej
Ali Yousif;Irak;Angreb;2000000;2000000;0,03;nej
Romeo Vermant;Belgien;Angreb;2000000;2000000;0,00;ja
Shahriar Moghanlou;Iran;Angreb;2000000;2000000;0,02;nej
Dennis 'Dargahi' Eckert Ayensa;Iran;Angreb;2000000;2000000;0,01;nej
Samed Bazdar;Bosnien-Hercegovina;Angreb;2000000;2000000;0,03;nej
Jovo Lukic;Bosnien-Hercegovina;Angreb;2000000;2000000;0,04;nej
John Mercado;Ecuador;Angreb;2000000;2000000;0,00;ja
Janner Corozo;Ecuador;Angreb;2000000;2000000;0,00;ja
Jeremy Arevalo;Ecuador;Angreb;2000000;2000000;0,02;nej
Anthony Valencia;Ecuador;Angreb;2000000;2000000;0,20;nej
Nilson Angulo;Ecuador;Angreb;2000000;2000000;0,03;nej
Bongokuhle Hlongwane;Sydafrika;Angreb;2000000;2000000;0,00;ja
Thapelo Maseko;Sydafrika;Angreb;2000000;2000000;0,03;nej
Ronaldo Martinez;Paraguay;Angreb;2000000;2000000;0,00;ja
Gabriel Avalos;Paraguay;Angreb;2000000;2000000;0,02;nej
Angel Romero;Paraguay;Angreb;2000000;2000000;0,00;ja
Isidro Pitta;Paraguay;Angreb;2000000;2000000;0,02;nej
Jesse Randall;New Zealand;Angreb;2000000;2000000;0,01;nej
Guillermo Martínez;Mexico;Angreb;2000000;2000000;0,11;nej
Prince Adu;Ghana;Angreb;2000000;2000000;0,06;nej
Daniel Nana Agyei;Ghana;Angreb;2000000;2000000;0,00;ja
Bazoumana Toure;Elfenbenskysten;Angreb;2000000;2000000;0,06;nej
Awer Mabil;Australien;Angreb;2000000;2000000;0,05;nej
Tete Yengi;Australien;Angreb;2000000;2000000;0,03;nej
Ante Suto;Australien;Angreb;2000000;2000000;0,00;ja
Fares Ghedjemis;Algeriet;Angreb;2000000;2000000;0,02;nej
Ahmed Nadhir Benbouali;Algeriet;Angreb;2000000;2000000;0,06;nej
Gustaf Nilsson;Sverige;Angreb;2000000;2000000;0,11;nej
Raul Florucz;Østrig;Angreb;2000000;2000000;0,00;ja
Marco Grüll;Østrig;Angreb;2000000;2000000;0,00;ja
Jan Kliment;Tjekkiet;Angreb;2000000;2000000;0,00;ja
Andi Zeqiri;Schweiz;Angreb;2000000;2000000;0,00;ja
Cedric Itten;Schweiz;Angreb;2000000;2000000;0,08;nej