Navn;Hold;Position;Pris;Totalvækst;Vækst;Mål;Assist;Gule kort;Røde kort;Skud på mål;Redninger;Popularitet %;Trend;Index;Skadet;Karantæne;Aktiv
Aaron Wan-Bissaka;Congo DR;Forsvar;3059000;59000;0;;;;;;;0,22;-28;19;;;Ja
Abdallah Al-Fakhouri;Jordan;Keeper;2485000;-15000;0;;;;;;;0,12;-47;-6;;;Ja
Abdallah Nasib;Jordan;Forsvar;2471000;-29000;0;;;;;;;0,05;-19;-12;;;Ja
Abdelmouhib Chamakh;Tunesien;Keeper;2464000;-36000;0;;;;;;1;0,06;-18;-15;;;Ja
Abdoulaye Seck;Senegal;Forsvar;3082000;82000;0;;1;1;;;;0,11;-11;27;;;Ja
Abdukodir Khusanov;Usbekistan;Forsvar;2889000;-111000;0;;;2;;;;0,2;-31;-38;;;Ja
Abdulaziz Hatim Mohammed;Qatar;Midtbane;2481000;-19000;0;;;;;;;0,05;-16;-8;;;Ja
Abdulelah Al-Amri;Saudi-Arabien;Forsvar;2708000;208000;0;1;;1;;1;;0,02;-10;77;;;Ja
Abdulkerim Bardakci;Tyrkiet;Forsvar;3030000;30000;0;;;;;1;;0,27;-48;10;;;Ja
Abdullah Al-Hamdan;Saudi-Arabien;Angreb;2535000;35000;0;;;;;2;;0,02;-14;14;;;Ja
Abdullah Al-Khaibari;Saudi-Arabien;Midtbane;2501000;1000;0;;;;;;;0,02;-17;0;;;Ja
Abduvokhid Nematov;Usbekistan;Keeper;2409000;-91000;0;;;;;;4;0,05;-9;-38;;;Ja
Achraf Hakimi;Marokko;Forsvar;4450000;450000;0;1;1;;;2;;11,91;-1150;101;;;Ja
Achref Abada;Algeriet;Forsvar;1985000;-15000;0;;;;;;;0,08;-45;-8;;;Ja
Adalberto Carrasquilla;Panama;Midtbane;2485000;-15000;0;;;;;;;0,05;-11;-6;;;Ja
Adem Arous;Tunesien;Forsvar;1985000;-15000;0;;;;;;;0,03;-28;-8;;;Ja
Adil Boulbina;Algeriet;Angreb;2489000;-11000;0;;;;;;;0;-8;-4;;;Ja
Adrien Rabiot;Frankrig;Midtbane;4171000;171000;0;;1;;;;;4,86;-54;41;;;Ja
Ahmed Alaaeldin Abdelmotaal;Qatar;Angreb;3018000;18000;0;;;;;1;;0;-11;6;;;Ja
Ahmed Basil Fadhil;Iraq;Keeper;2476000;-24000;0;;;;;;3;0,03;-8;-10;;;Ja
Ahmed Fathi;Qatar;Midtbane;2458000;-42000;0;;;2;;;;0,01;-15;-17;;;Ja
Ahmed Fatouh;Egypten;Forsvar;2572000;72000;0;;;1;;1;;0,16;7;28;;;Ja
Ahmed Hasan Maknzi;Iraq;Forsvar;1965000;-35000;0;;;;;;;0;-12;-18;;;Ja
Ahmed Nadhir Benbouali;Algeriet;Angreb;2177000;177000;0;1;;;;1;;0,05;-43;81;;;Ja
Aiden O'Neill;Australien;Midtbane;2580000;80000;0;;;;;;;0,09;-8;31;;;Ja
Aimar Sher;Iraq;Midtbane;2489000;-11000;0;;;;;;;0,01;-6;-4;;;Ja
Aissa Mandi;Algeriet;Forsvar;3037000;37000;0;;;;;;;0,05;-9;12;;;Ja
Ajdin Hrustic;Australien;Midtbane;2002000;2000;0;;;;;;;0,08;-56;1;;;Ja
Akam Hashem;Iraq;Forsvar;1911000;-89000;0;;;;;;;0,04;-14;-47;;;Ja
Akmal Mozgovoy;Usbekistan;Midtbane;2521000;21000;0;;1;;;;;0,01;-7;8;;;Ja
Akram Afif;Qatar;Angreb;3474000;-26000;0;;;;;;;0,03;-18;-7;;;Ja
Alan Franco;Ecuador;Midtbane;2525000;25000;0;;;1;;;;0,07;-15;10;;;Ja
Alan Minda;Ecuador;Midtbane;2989000;-11000;0;;;;;;;0,09;-13;-4;;;Ja
Alban Lafont;Elfenbenskysten;Keeper;2485000;-15000;0;;;;;;;0,17;-11;-6;;;Ja
Alejandro 'Alex' Grimaldo;Spanien;Forsvar;3985000;-15000;0;;;;;;;1,47;-129;-4;;;Ja
Aleksandar Pavlovic;Tyskland;Midtbane;3609000;109000;0;;;1;;1;;7,78;-150;30;;;Ja
Alessandro Circati;Australien;Forsvar;2627000;127000;0;;;1;;;;0,05;-9;48;;;Ja
Alessandro Schöpf;Østrig;Midtbane;2485000;-15000;0;;;;;;;0,06;-14;-6;;;Ja
Alex Arce;Paraguay;Angreb;2488000;-12000;0;;;1;;;;0,02;-8;-5;;;Ja
Alex Baena;Spanien;Midtbane;3812000;312000;0;1;;1;;;;1,96;681;82;;;Ja
Alex Freeman;USA;Forsvar;2892000;392000;0;1;1;;;;;1,71;386;136;;;Ja
Alex Paulsen;New Zealand;Keeper;2485000;-15000;0;;;;;;;0,02;-14;-6;;;Ja
Alex Rufer;New Zealand;Midtbane;2485000;-15000;0;;;;;;;0,01;-8;-6;;;Ja
Alex Sandro;Brasilien;Forsvar;2522000;22000;0;;;;;;;1,95;-47;9;;;Ja
Alexander Bernhardsson;Sverige;Midtbane;2055000;55000;0;;;;;1;;0,3;-36;27;;;Ja
Alexander Isak;Sverige;Angreb;5465000;465000;0;1;3;;;4;;1,01;-69;85;;;Ja
Alexander Nübel;Tyskland;Keeper;4485000;-15000;0;;;;;;;0,08;-16;-3;;;Ja
Alexander Prass;Østrig;Forsvar;2481000;-19000;0;;;;;;;0,11;-11;-8;;;Ja
Alexander Schlager;Østrig;Keeper;3685000;185000;0;;;;;;6;2,06;-178;50;;;Ja
Alexander Sørloth;Norge;Angreb;4593000;93000;0;;;;;;;1,66;-98;20;;;Ja
Alexandre Pierre;Haiti;Keeper;2485000;-15000;0;;;;;;;0,01;-4;-6;;;Ja
Alexis Mac Allister;Argentina;Midtbane;4666000;166000;0;;;;;1;;6,76;846;36;;;Ja
Alexis Saelemaekers;Belgien;Angreb;4176000;176000;0;1;;;;;;0,11;-9;42;;;Ja
Alexis Vega;Mexico;Angreb;2522000;22000;0;;;;;;;0,19;-21;9;;;Ja
Ali Abdi;Tunesien;Forsvar;2921000;-79000;0;;;;;;;0,05;-10;-27;;;Ja
Ali Ahmed;Canada;Midtbane;3087000;87000;0;;;;;1;;0,13;18;28;;;Ja
Ali Al-Hamadi;Iraq;Angreb;2459000;-41000;0;;;;;;;0,01;-6;-17;;;Ja
Ali Alipour;Iran;Angreb;2504000;4000;0;;;;;;;0;-6;2;;;Ja
Ali Azaizeh;Jordan;Midtbane;1973000;-27000;0;;;;;;;0,01;-18;-14;;;Ja
Ali Jasim;Iraq;Midtbane;2981000;-19000;0;;;;;1;;0,05;-6;-6;;;Ja
Ali Majrashi;Saudi-Arabien;Forsvar;2485000;-15000;0;;;;;;;0,01;-5;-6;;;Ja
Ali Nemati;Iran;Forsvar;2572000;72000;0;;;1;;;;0,04;-9;28;;;Ja
Ali Yousif;Iraq;Angreb;1965000;-35000;0;;;;;;;0,02;-35;-18;;;Ja
Alireza Beiranvand;Iran;Keeper;3225000;225000;0;;;;;;15;0,63;-59;70;;;Ja
Alireza Jahanbakhsh;Iran;Angreb;2519000;19000;0;;;;;;;0,01;-6;8;;;Ja
Alisson Becker;Brasilien;Keeper;5333000;333000;0;;;;;;9;2,67;-42;62;;;Ja
Alistair Johnston;Canada;Forsvar;3149000;149000;0;;;1;;2;;0,3;62;47;;;Ja
Almoez Ali;Qatar;Angreb;2991000;-9000;0;;;;;1;;0,01;-5;-3;;;Ja
Alphonso Davies;Canada;Forsvar;3985000;-15000;0;;;;;;;0,7;-10;-4;;;Ja
Altay Bayindir;Tyrkiet;Keeper;2985000;-15000;0;;;;;;;0,16;-25;-5;;;Ja
Alvaro Fidalgo;Mexico;Midtbane;2729000;229000;0;1;;;;;;0,89;27;84;;;Ja
Alvaro Montero;Colombia;Keeper;3985000;-15000;0;;;;;;;0,06;-14;-4;;;Ja
Amad Diallo;Elfenbenskysten;Angreb;3760000;260000;0;1;;;;1;;1,79;-267;69;;;Ja
Amadou Onana;Belgien;Midtbane;3043000;43000;0;;;;;;;1,35;-52;14;;;Ja
Amar Dedic;Bosnien-Hercegovina;Forsvar;2976000;-24000;0;;;1;;1;;0,31;-30;-8;Ja;;Ja
Amar Memic;Bosnien-Hercegovina;Midtbane;3051000;51000;0;;;;;1;;0,08;-18;17;;;Ja
Amer Jamous;Jordan;Midtbane;2481000;-19000;0;;;;;;;0;-6;-8;;;Ja
Amine Gouiri;Algeriet;Angreb;3218000;218000;0;1;;;;1;;0,07;-11;68;;;Ja
Amir Al Ammari;Iraq;Midtbane;2931000;-69000;0;;1;2;;;;0,03;-15;-24;;;Ja
Amir Hadziahmetovic;Bosnien-Hercegovina;Midtbane;1983000;-17000;0;;;;;;;0,09;-14;-9;;;Ja
Amirhossein Hosseinzadeh;Iran;Angreb;3019000;19000;0;;;;;;;0,01;-7;6;;;Ja
Anass Salah-Eddine;Marokko;Forsvar;2553000;53000;0;;;;;;;0,15;2;21;;;Ja
Andreas Schjelderup;Norge;Midtbane;3621000;121000;0;;1;;;;;1,39;-32;33;;;Ja
Andrej Kramaric;Kroatien;Angreb;5528000;28000;0;;;;;;;0,11;-18;5;;;Ja
Andres Andrade;Panama;Forsvar;2445000;-55000;0;;;1;;;;0,01;-9;-22;;;Ja
Andres Cubas;Paraguay;Midtbane;2531000;31000;0;;;;;;;0,04;-7;12;;;Ja
Andy Robertson;Skotland;Forsvar;3046000;46000;0;;;1;;;;1,89;-265;15;;;Ja
Angelo Preciado;Ecuador;Forsvar;3045000;45000;0;;;;;;;0,1;-5;15;;;Ja
Angus Gunn;Skotland;Keeper;3623000;123000;0;;;;;;8;0,34;-75;34;;;Ja
Anibal Godoy;Panama;Midtbane;2481000;-19000;0;;;;;;;0,02;-5;-8;;;Ja
Anis Ben Slimane;Tunesien;Midtbane;2447000;-53000;0;;;;;1;;0,12;-17;-22;;;Ja
Anis Hadj Moussa;Algeriet;Angreb;2520000;20000;0;;;;;;;0,02;-9;8;;;Ja
Ante Budimir;Kroatien;Angreb;3744000;244000;0;1;;;;;;0,15;-10;65;;;Ja
Anthony Elanga;Sverige;Angreb;3870000;370000;0;2;;;;1;;0,35;-10;96;;;Ja
Anthony Gordon;England;Angreb;4073000;73000;0;;;;;2;;1,58;-84;18;;;Ja
Anthony Ralston;Skotland;Forsvar;2503000;3000;0;;;;;1;;0,05;-22;1;;;Ja
Anthony Valencia;Ecuador;Angreb;1985000;-15000;0;;;;;;;0,14;-26;-8;;;Ja
Antoine Mendy;Senegal;Forsvar;2485000;-15000;0;;;;;;;0,08;-10;-6;;;Ja
Antoine Semenyo;Ghana;Angreb;4080000;80000;0;;;;;;;0,96;-97;20;;;Ja
Antonee Robinson;USA;Forsvar;2141000;141000;0;;;1;;;;11,81;1882;66;;;Ja
Antonio Nusa;Norge;Midtbane;3589000;89000;0;;;;;;;11,45;-343;25;;;Ja
Antonio Rüdiger;Tyskland;Forsvar;4597000;97000;0;;;;;;;3,27;-129;21;;;Ja
Antonio Sanabria;Paraguay;Angreb;3965000;-35000;0;;;;;;;0,02;-11;-9;;;Ja
Ao Tanaka;Japan;Midtbane;2581000;81000;0;;;;;;;0,25;-1;31;;;Ja
Ar'jany Martha;Curaçao;Angreb;1985000;-15000;0;;;;;;;0;-7;-8;;;Ja
Arda Güler;Tyrkiet;Midtbane;4733000;233000;0;1;;;;3;;5,75;-995;49;;;Ja
Ardon Jashari;Schweiz;Midtbane;1994000;-6000;0;;;;;;;0,26;-13;-3;;;Ja
Armando Gonzalez;Mexico;Angreb;2522000;22000;0;;;;;;;0,05;-11;9;;;Ja
Armin Gigovic;Bosnien-Hercegovina;Midtbane;2994000;-6000;0;;;;;;;0,05;-9;-2;;;Ja
Arthur Masuaku;Congo DR;Forsvar;2617000;117000;0;;1;;;;;0,21;-65;45;;;Ja
Arthur Theate;Belgien;Forsvar;3091000;91000;0;;;;;1;;0,53;-21;29;;;Ja
Assim Madibo;Qatar;Midtbane;2424000;-76000;0;;;;1;;;0,01;-5;-31;;;Ja
Aubrey Modiba;Sydafrika;Forsvar;3079000;79000;0;;;1;;1;;0,05;-3;26;;;Ja
Aurele Amenda;Schweiz;Forsvar;2485000;-15000;0;;;;;;;0,09;-8;-6;;;Ja
Aurelien Tchouameni;Frankrig;Midtbane;3653000;153000;0;;1;1;;;;11,34;517;42;;;Ja
Awer Mabil;Australien;Angreb;1985000;-15000;0;;;;;;;0,04;-9;-8;;;Ja
Axel Tuanzebe;Congo DR;Forsvar;3059000;59000;0;;;;;;;0,08;-13;19;;;Ja
Axel Witsel;Belgien;Midtbane;2985000;-15000;0;;;;;;;0,41;-25;-5;;;Ja
Ayase Ueda;Japan;Angreb;5945000;445000;0;2;1;;;1;;0,61;-79;75;;;Ja
Ayman Yahya Salem;Saudi-Arabien;Midtbane;2485000;-15000;0;;;;;;;0,01;-8;-6;;;Ja
Aymen Dahmen;Tunesien;Keeper;2977000;-23000;0;;;;;;6;0,01;-6;-8;;;Ja
Aymen Hussein;Iraq;Angreb;3538000;38000;0;1;;;;;;0,03;-12;11;;;Ja
Aymeric Laporte;Spanien;Forsvar;4846000;346000;0;;1;;;1;;2,21;-15;71;;;Ja
Ayoub Al-Oui;Qatar;Forsvar;2450000;-50000;0;;;;;;;0,01;-7;-20;;;Ja
Ayoub El Kaabi;Marokko;Angreb;3546000;46000;0;;;;;2;;0,12;-23;13;;;Ja
Ayumu Seko;Japan;Forsvar;2551000;51000;0;;;;;;;0,09;-3;20;;;Ja
Aziz Behich;Australien;Forsvar;2589000;89000;0;;;;;;;0,01;-3;34;;;Ja
Aziz Ganiev;Usbekistan;Midtbane;2429000;-71000;0;;;;;;;0;-8;-29;;;Ja
Azzedine Ounahi;Marokko;Midtbane;3108000;108000;0;;;;;;;2,17;-465;35;;;Ja
Baris Alper Yilmaz;Tyrkiet;Angreb;3211000;211000;0;1;1;;;;;0,43;-82;66;;;Ja
Bart Verbruggen;Holland;Keeper;4699000;199000;0;;;;;;11;2,5;-136;42;;;Ja
Bazoumana Toure;Elfenbenskysten;Angreb;2059000;59000;0;;;;;;;0,06;-13;29;;;Ja
Ben Old;New Zealand;Midtbane;1972000;-28000;0;;;;;;;0,05;-6;-14;;;Ja
Ben Waine;New Zealand;Angreb;2485000;-15000;0;;;;;;;0,01;-4;-6;;;Ja
Benjamin Asare;Ghana;Keeper;3162000;162000;0;;;;;;8;0,11;1;51;;;Ja
Benjamin Nygren;Sverige;Angreb;3033000;33000;0;;;;;;;0,18;-17;11;;;Ja
Benjamin Tahirovic;Bosnien-Hercegovina;Midtbane;3055000;55000;0;;;;;;;0,31;-26;18;;;Ja
Bernardo Silva;Portugal;Midtbane;5531000;31000;0;;;1;;;;1,52;-104;6;;;Ja
Besfort Zeneli;Sverige;Midtbane;2001000;1000;0;;;;;1;;0,1;-5;0;;;Ja
Bilal El Khannouss;Marokko;Midtbane;3142000;142000;0;;;;;3;;1,94;-410;45;;;Ja
Borja Iglesias;Spanien;Angreb;3485000;-15000;0;;;;;;;0,15;-14;-4;;;Ja
Botirali Ergashev;Usbekistan;Keeper;2485000;-15000;0;;;;;;;0;-3;-6;;;Ja
Boualem Khoukhi;Qatar;Forsvar;2645000;145000;0;1;;;;;;0,01;-9;55;;;Ja
Braian Ojeda;Paraguay;Midtbane;1985000;-15000;0;;;;;;;0,02;-10;-8;;;Ja
Brandley Kuwas;Curaçao;Angreb;1989000;-11000;0;;;;;;;0,01;-2;-6;;;Ja
Brandon Mechele;Belgien;Forsvar;2660000;160000;0;;;;;1;;1,86;-169;60;;;Ja
Brandon Thomas-Asante;Ghana;Angreb;2598000;98000;0;;1;;;;;0,01;-6;38;;;Ja
Breel Embolo;Schweiz;Angreb;5375000;375000;0;1;2;;;2;;1,28;-55;70;;;Ja
Bremer;Brasilien;Forsvar;2985000;-15000;0;;;;;;;1,35;-89;-5;;;Ja
Brenden Aaronson;USA;Midtbane;3003000;3000;0;;;;;1;;0,2;-7;1;;;Ja
Brian Brobbey;Holland;Angreb;3110000;610000;0;3;;;;;;6,85;-454;196;;;Ja
Brian Cipenga;Congo DR;Midtbane;2024000;24000;0;;;;;;;0,03;-4;12;;;Ja
Brian Gutierrez;Mexico;Midtbane;2559000;59000;0;;;1;;;;3,81;-88;23;;;Ja
Brian Rodriguez;Uruguay;Angreb;3533000;33000;0;;;;;1;;0,06;-7;9;;;Ja
Brice Samba;Frankrig;Keeper;4485000;-15000;0;;;;;;;0,08;-2;-3;;;Ja
Bruno Fernandes;Portugal;Midtbane;7188000;188000;0;;1;;;2;;14,09;-952;26;;;Ja
Bukayo Saka;England;Angreb;6726000;226000;0;;2;;;1;;1,37;-26;34;;;Ja
Bum-Keun Song;Sydkorea;Keeper;2485000;-15000;0;;;;;;;0,06;-13;-6;;;Ja
Caleb Yirenkyi;Ghana;Forsvar;3348000;348000;0;1;;1;;;;0,81;-47;104;;;Ja
Callan Elliot;New Zealand;Forsvar;2002000;2000;0;;;;;;;0,04;-9;1;;;Ja
Callum McCowatt;New Zealand;Midtbane;2512000;12000;0;;;1;;3;;0,14;-39;5;;;Ja
Cameron Burgess;Australien;Forsvar;3030000;30000;0;;;;;;;0,05;-7;10;;;Ja
Camilo Vargas;Colombia;Keeper;4278000;278000;0;;;;;;4;0,43;94;65;;;Ja
Carl Sainte;Haiti;Midtbane;1985000;-15000;0;;;;;;;0,01;-11;-8;;;Ja
Carl Starfelt;Sverige;Forsvar;2502000;2000;0;;;;;;;0,05;0;1;;;Ja
Carlens Arcus;Haiti;Forsvar;1937000;-63000;0;;;1;;;;0,02;-4;-33;;;Ja
Carlos Acevedo;Mexico;Keeper;3485000;-15000;0;;;;;;;0,09;-7;-4;;;Ja
Carlos Harvey;Panama;Midtbane;2455000;-45000;0;;;1;;1;;0,01;-4;-18;;;Ja
Casemiro;Brasilien;Midtbane;4618000;118000;0;;;1;;;;3,27;-82;26;;;Ja
Cecilio Waterman;Panama;Angreb;2003000;3000;0;;;;;1;;0,01;-7;1;;;Ja
Cedric Bakambu;Congo DR;Angreb;3537000;37000;0;;;;;;;0,03;-9;10;;;Ja
Cedric Itten;Schweiz;Angreb;2071000;71000;0;;;;;;;0,07;-6;34;;;Ja
Cesar Blackman;Panama;Forsvar;2475000;-25000;0;;;1;;1;;0,01;-3;-10;;;Ja
Cesar Montes;Mexico;Forsvar;3159000;159000;0;;;;1;;;2,12;-27;50;;;Ja
Cesar Samudio;Panama;Keeper;2485000;-15000;0;;;;;;;0;-6;-6;;;Ja
Cesar Yanis;Panama;Midtbane;1985000;-15000;0;;;;;;;0,01;-1;-8;;;Ja
Chadi Riad;Marokko;Forsvar;2222000;222000;0;;1;;;;;8,48;-2006;100;;;Ja
Chancel Mbemba;Congo DR;Forsvar;2539000;39000;0;;;1;;;;0,06;-13;15;;;Ja
Charles De Ketelaere;Belgien;Angreb;6063000;63000;0;;;;;1;;0,23;-19;10;;;Ja
Charles Pickel;Congo DR;Midtbane;2478000;-22000;0;;;1;;;;0,03;-12;-9;;;Ja
Che Adams;Skotland;Angreb;3042000;42000;0;;;;;1;;0,22;-45;14;;;Ja
Chemsdine Talbi;Marokko;Angreb;2539000;39000;0;;;;;;;0,07;-13;15;;;Ja
Chris Brady;USA;Keeper;2485000;-15000;0;;;;;;;0,16;19;-6;;;Ja
Chris Richards;USA;Forsvar;3141000;141000;0;;;1;;;;0,4;9;45;;;Ja
Chris Wood;New Zealand;Angreb;3610000;110000;0;;2;;;2;;0,14;-34;30;;;Ja
Christ Inao Oulaï;Elfenbenskysten;Midtbane;2077000;77000;0;;;;;;;0,43;-78;37;;;Ja
Christian Fassnacht;Schweiz;Angreb;3022000;22000;0;;;;;;;0,03;-7;7;;;Ja
Christian Pulisic;USA;Angreb;4068000;68000;0;;;;;2;;1,28;8;17;;;Ja
Christopher Bonsu Baah;Ghana;Angreb;2485000;-15000;0;;;;;;;0;-8;-6;;;Ja
Cody Gakpo;Holland;Angreb;7025000;525000;0;2;1;;;3;;4,76;-1053;75;;;Ja
Connor Metcalfe;Australien;Midtbane;3223000;223000;0;1;;;;1;;0,09;-6;69;;;Ja
Cristian Martinez;Panama;Midtbane;2506000;6000;0;;;;;;;0,01;-6;2;;;Ja
Cristian Roldan;USA;Midtbane;2485000;-15000;0;;;;;;;0,06;-5;-6;;;Ja
Cristian Romero;Argentina;Forsvar;4149000;149000;0;;;;;;;2,5;-36;36;Ja;;Ja
Cristiano Ronaldo;Portugal;Angreb;7471000;471000;0;2;;;;4;;5,99;-446;63;;;Ja
Cyle Christopher Larin;Canada;Angreb;3407000;407000;0;2;;1;;2;;0,22;68;119;;;Ja
Daichi Kamada;Japan;Midtbane;3952000;452000;0;2;;;;;;1,47;-218;114;;;Ja
Dailon Livramento;Kap Verde;Angreb;3019000;19000;0;;;;;;;0,02;-6;6;;;Ja
Daizen Maeda;Japan;Angreb;2640000;140000;0;1;;;;;;0,07;2;53;;;Ja
Damian Bobadilla;Paraguay;Midtbane;2469000;-31000;0;;;;;;;0,02;-7;-13;;;Ja
Dan Burn;England;Forsvar;3485000;-15000;0;;;;;;;0,42;-11;-4;;;Ja
Dan Ndoye;Schweiz;Angreb;4126000;126000;0;;;;;4;;0,66;-48;31;;;Ja
Dani Olmo;Spanien;Midtbane;5176000;176000;0;;1;;;;;12,2;-386;34;;;Ja
Daniel Muñoz;Colombia;Forsvar;4581000;581000;0;2;;;;;;1,24;103;127;;;Ja
Daniel Svensson;Sverige;Forsvar;3049000;49000;0;;;;;;;0,42;-33;16;;;Ja
Danilo dos Santos;Brasilien;Midtbane;3049000;49000;0;;;;;1;;1,28;-56;16;;;Ja
Danilo Luiz da Silva;Brasilien;Forsvar;2716000;216000;0;;;1;;;;3,13;235;80;;;Ja
Danley Jean Jacques;Haiti;Midtbane;2941000;-59000;0;;;1;;;;0,01;-8;-20;;;Ja
Darwin Nunez;Uruguay;Angreb;6007000;7000;0;;;;;;;0,39;-52;1;;;Ja
David Alaba;Østrig;Forsvar;3101000;101000;0;;1;;;;;1,68;-69;33;;;Ja
David Jurasek;Tjekkiet;Forsvar;1985000;-15000;0;;;;;;;0,11;-16;-8;Ja;;Ja
David Møller Wolfe;Norge;Forsvar;3145000;145000;0;;1;;;;;0,96;-19;46;;;Ja
David Ospina;Colombia;Keeper;3485000;-15000;0;;;;;;;0,17;-8;-4;;;Ja
David Raum;Tyskland;Forsvar;4550000;50000;0;;;;;1;;1,54;-144;11;;;Ja
David Raya;Spanien;Keeper;4985000;-15000;0;;;;;;;3,8;-321;-3;;;Ja
Davinson Sanchez;Colombia;Forsvar;3718000;218000;0;;;;;1;;1,82;-4;59;;;Ja
Dayne St. Clair;Canada;Keeper;3485000;-15000;0;;;;;;;0,08;-5;-4;;;Ja
Dayot Upamecano;Frankrig;Forsvar;4220000;220000;0;;;;;;;3,93;38;52;;;Ja
Dean Henderson;England;Keeper;4485000;-15000;0;;;;;;;0,08;-10;-3;;;Ja
Declan Rice;England;Midtbane;4603000;103000;0;;1;1;;1;;10,55;-230;22;;;Ja
Deiver Machado;Colombia;Forsvar;3052000;52000;0;;;;;;;0,05;7;17;;;Ja
Denis Visinsky;Tjekkiet;Midtbane;1981000;-19000;0;;;;;;;0,03;-8;-10;;;Ja
Denis Zakaria;Schweiz;Midtbane;2994000;-6000;0;;;1;;1;;0,24;-21;-2;;;Ja
Deniz Gül;Tyrkiet;Angreb;2503000;3000;0;;;;;1;;0,07;-21;1;;;Ja
Deniz Undav;Tyskland;Angreb;4183000;683000;0;3;2;;;1;;4,89;-273;163;;;Ja
Dennis Hadzikadunic;Bosnien-Hercegovina;Forsvar;2592000;92000;0;;1;;;;;0,03;-4;35;;;Ja
Denzel Dumfries;Holland;Forsvar;5284000;284000;0;;2;;;2;;4,27;-533;54;;;Ja
Derek Cornelius;Canada;Forsvar;2549000;49000;0;;;1;;;;0,3;138;19;;;Ja
Deroy Duarte;Kap Verde;Midtbane;2579000;79000;0;;;;;;;0,03;-4;31;;;Ja
Derrick Etienne Jr.;Haiti;Angreb;1989000;-11000;0;;;;;;;0;-10;-6;;;Ja
Derrick Luckassen;Ghana;Forsvar;2158000;158000;0;1;;;;;;0,02;3;73;;;Ja
Desire Doue;Frankrig;Angreb;4303000;303000;0;1;;;;3;;5,39;206;70;;;Ja
Diego Gomez;Paraguay;Midtbane;2999000;-1000;0;;;2;;;;0,13;-26;$-0;;;Ja
Diego Moreira;Belgien;Midtbane;1985000;-15000;0;;;;;;;0,31;-13;-8;;;Ja
Diney Borges;Kap Verde;Forsvar;3130000;130000;0;;;1;;1;;0,04;-11;42;;;Ja
Diogo Costa;Portugal;Keeper;5336000;336000;0;;;;;;9;4,14;-190;63;;;Ja
Diogo Dalot;Portugal;Forsvar;4002000;2000;0;;;;;;;1,16;-61;0;;;Ja
Djibril Sow;Schweiz;Midtbane;3111000;111000;0;;;;;;;0,11;4;36;;;Ja
Dodi Lukebakio;Belgien;Angreb;3512000;12000;0;;;;;1;;0,09;-9;3;;;Ja
Dominic Hyam;Skotland;Forsvar;1985000;-15000;0;;;;;;;0,07;-7;-8;;;Ja
Dominik Kotarski;Kroatien;Keeper;2985000;-15000;0;;;;;;;0,18;-16;-5;;;Ja
Dominik Livakovic;Kroatien;Keeper;4193000;193000;0;;;;;;9;1,1;-84;46;;;Ja
Don Deedson Louicius;Haiti;Angreb;2973000;-27000;0;;;;;;;0;-8;-9;;;Ja
Donyell Malen;Holland;Angreb;4650000;150000;0;;;;;2;;0,98;-75;32;;;Ja
Dostonbek Khamdamov;Usbekistan;Midtbane;1997000;-3000;0;;;;;;;0,01;-1;-2;;;Ja
Douglas Santos;Brasilien;Forsvar;2718000;218000;0;;;1;;;;5,59;487;80;;;Ja
Duckens Nazon;Haiti;Angreb;3463000;-37000;0;;;1;;1;;0,01;-10;-11;Ja;;Ja
Duje Caleta-Car;Kroatien;Forsvar;2985000;-15000;0;;;;;;;0,06;-6;-5;;;Ja
Duke Lacroix;Haiti;Forsvar;2485000;-15000;0;;;;;;;0,02;-6;-6;;;Ja
Dylan Batubinsika;Congo DR;Forsvar;2485000;-15000;0;;;;;;;0,01;-6;-6;;;Ja
Dylan Bronn;Tunesien;Forsvar;2473000;-27000;0;;;;;;;0,02;-5;-11;;;Ja
Dzenis Burnic;Bosnien-Hercegovina;Midtbane;2539000;39000;0;;;;;;;0,02;-4;15;;;Ja
Ederson Moraes;Brasilien;Keeper;4985000;-15000;0;;;;;;;0,08;-8;-3;;;Ja
Edin Dzeko;Bosnien-Hercegovina;Angreb;4518000;18000;0;;;1;;;;0,54;-106;4;;;Ja
Edmilson Junior;Qatar;Angreb;2552000;52000;0;;1;;;2;;0,01;-5;20;;;Ja
Edo Kayembe;Congo DR;Midtbane;2518000;18000;0;;;;;1;;0,04;-19;7;;;Ja
Edouard Mendy;Senegal;Keeper;3505000;5000;0;;;;;;8;0,64;-39;1;;;Ja
Egil Selvik;Norge;Keeper;3492000;-8000;0;;;;;;5;0,12;10;-2;;;Ja
Ehsan Hajsafi;Iran;Forsvar;2049000;49000;0;;;1;;;;0,03;-6;24;;;Ja
El Hadji Malick Diouf;Senegal;Forsvar;3473000;-27000;0;;;;;;;0,34;-52;-8;;;Ja
Eldor Shomurodov;Usbekistan;Angreb;3072000;72000;0;1;;;;1;;0,01;-18;23;;;Ja
Elias Achouri;Tunesien;Midtbane;3491000;-9000;0;;;;;1;;0,21;-36;-3;;;Ja
Elias Saad;Tunesien;Midtbane;2463000;-37000;0;;;;;;;0,01;-10;-15;;;Ja
Elijah Just;New Zealand;Midtbane;3420000;420000;0;3;;1;;2;;0,08;-20;123;;;Ja
Elisha Owusu;Ghana;Midtbane;2518000;18000;0;;;;;;;0,04;-7;7;;;Ja
Elliot Anderson;England;Midtbane;4190000;190000;0;;1;;;1;;2,63;231;45;;;Ja
Elliot Stroud;Sverige;Forsvar;2065000;65000;0;;;;;;;0,17;-3;31;;;Ja
Ellyes Skhiri;Tunesien;Midtbane;2387000;-113000;0;;;;;;;0;-7;-47;;;Ja
Eloy Room;Curaçao;Keeper;2656000;156000;0;;;;;;20;0,07;-13;59;;;Ja
Elye Wahi;Elfenbenskysten;Angreb;2579000;79000;0;;;;;2;;0,02;-9;31;;;Ja
Emam Ashour;Egypten;Midtbane;2765000;265000;0;1;;;;;;1;-11;96;;;Ja
Emiliano Martinez;Argentina;Keeper;5323000;323000;0;;;;;;1;8,33;1407;61;;;Ja
Emiliano Martinez Toranza;Uruguay;Midtbane;2485000;-15000;0;;;;;;;0,04;-8;-6;;;Ja
Emmanuel Agbadou;Elfenbenskysten;Forsvar;2580000;80000;0;;;;;;;3,25;-1125;31;;;Ja
Endrick;Brasilien;Angreb;2559000;59000;0;;;;;;;2,45;-56;23;;;Ja
Enner Valencia;Ecuador;Angreb;4105000;105000;0;;;;;6;;0,93;-55;26;;;Ja
Enzo Fernandez;Argentina;Midtbane;5109000;109000;0;;;;;;;3,98;312;21;;;Ja
Eray Cömert;Schweiz;Forsvar;1985000;-15000;0;;;;;;;0,11;-6;-8;;;Ja
Eric Davis;Panama;Forsvar;2993000;-7000;0;;;;;;;0,03;-11;-2;;;Ja
Eric Smith;Sverige;Forsvar;1985000;-15000;0;;;;;;;0,08;-8;-8;Ja;;Ja
Erik Lira;Mexico;Midtbane;2649000;149000;0;;1;;;;;0,33;-11;56;;;Ja
Erling Haaland;Norge;Angreb;9281000;781000;0;4;;;;3;;12,5;-402;84;;;Ja
Ermedin Demirovic;Bosnien-Hercegovina;Angreb;3051000;51000;0;;;1;;2;;0,3;-85;17;;;Ja
Ermin Mahmic;Bosnien-Hercegovina;Midtbane;2318000;318000;0;2;;1;;;;0,18;52;137;;;Ja
Esmir Bajraktarevic;Bosnien-Hercegovina;Midtbane;3063000;63000;0;;;;;1;;0,34;-67;21;;;Ja
Evan N'Dicka;Elfenbenskysten;Forsvar;2485000;-15000;0;;;;;;;0,11;-11;-6;;;Ja
Evann Guessand;Elfenbenskysten;Angreb;2981000;-19000;0;;;;;;;0,04;-6;-6;;;Ja
Evidence Makgopa;Sydafrika;Angreb;2593000;93000;0;;;;;3;;0;-10;36;;;Ja
Evren Eren Elmali;Tyrkiet;Forsvar;2020000;20000;0;;;1;;;;0,08;-13;10;;;Ja
Exequiel Palacios;Argentina;Midtbane;3544000;44000;0;;;;;;;0,34;18;12;;;Ja
Ezri Konsa;England;Forsvar;4730000;230000;0;;;;;1;;0,54;10;49;;;Ja
Fabian Rieder;Schweiz;Midtbane;3031000;31000;0;;;;;;;0,97;-43;10;;;Ja
Fabian Ruiz;Spanien;Midtbane;4586000;86000;0;;;;;1;;7,11;-245;19;;;Ja
Fabinho;Brasilien;Midtbane;2519000;19000;0;;;1;;;;0,74;33;8;;;Ja
Facundo Pellistri;Uruguay;Angreb;3485000;-15000;0;;;;;;;0,02;-16;-4;;;Ja
Fahad Talib;Iraq;Keeper;2485000;-15000;0;;;;;;;0,01;-9;-6;;;Ja
Fares Chaibi;Algeriet;Midtbane;2557000;57000;0;;;;;2;;0,04;-4;22;;;Ja
Fares Ghedjemis;Algeriet;Angreb;1994000;-6000;0;;;;;;;0;-3;-3;;;Ja
Farrukh Sayfiev;Usbekistan;Forsvar;2483000;-17000;0;;;;;;;0,01;-4;-7;;;Ja
Federico Valverde;Uruguay;Midtbane;5574000;74000;0;;;;;2;;1,68;-271;13;;;Ja
Federico Vinas;Uruguay;Angreb;4059000;59000;0;;;;;3;;0,07;-20;15;;;Ja
Felix 'Feliz' Torres;Ecuador;Forsvar;3022000;22000;0;;;;;;;0,11;-7;7;;;Ja
Felix Nmecha;Tyskland;Midtbane;3349000;349000;0;1;1;;;2;;8,57;1356;104;;;Ja
Ferdi Kadioglu;Tyrkiet;Forsvar;3469000;-31000;0;;;;;;;0,63;-119;-9;;;Ja
Fernando Muslera;Uruguay;Keeper;4041000;41000;0;;;;;;4;0,39;-52;10;;;Ja
Ferran Torres;Spanien;Angreb;5106000;106000;0;;;;;2;;5,61;-253;21;;;Ja
Fidel Escobar;Panama;Forsvar;2473000;-27000;0;;;;;;;0,03;-6;-11;;;Ja
Findlay Curtis;Skotland;Angreb;2006000;6000;0;;;1;;;;0,04;-6;3;;;Ja
Finn Surman;New Zealand;Forsvar;2145000;145000;0;1;;;;;;0,03;-11;68;;;Ja
Firas Al Brikan;Saudi-Arabien;Angreb;3473000;-27000;0;;;1;;;;0;-6;-8;;;Ja
Firas Chaouat;Tunesien;Angreb;2465000;-35000;0;;;;;;;0;-7;-14;;;Ja
Fiston Mayele;Congo DR;Angreb;3217000;217000;0;1;;;;;;0;-13;67;;;Ja
Florian Grillitsch;Østrig;Midtbane;2506000;6000;0;;;;;;;0,03;-9;2;;;Ja
Florian Wirtz;Tyskland;Midtbane;7769000;269000;0;;2;;;1;;7,34;-314;35;;;Ja
Folarin Balogun;USA;Angreb;4455000;455000;0;2;;1;;1;;1,65;543;102;;;Ja
Francisco Conceicao;Portugal;Angreb;5559000;59000;0;;;;;;;0,34;-25;11;;;Ja
Francisco Trincao;Portugal;Angreb;4032000;32000;0;;;;;;;0,14;-16;8;;;Ja
Franck Kessie;Elfenbenskysten;Midtbane;3217000;217000;0;1;;1;;;;5,2;-1607;67;;;Ja
Frans Dhia Putros;Iraq;Forsvar;1949000;-51000;0;;;;;;;0,02;-6;-26;;;Ja
Frantzdy Pierrot;Haiti;Angreb;2947000;-53000;0;;;1;;1;;0;-12;-18;;;Ja
Fredrik Andre Bjørkan;Norge;Forsvar;2475000;-25000;0;;;;;;;0,19;-14;-10;;;Ja
Gabriel Avalos;Paraguay;Angreb;2039000;39000;0;;;;;;;0,02;-11;19;;;Ja
Gabriel Gudmundsson;Sverige;Forsvar;3017000;17000;0;;;1;;;;0,17;-13;6;;;Ja
Gabriel Magalhaes;Brasilien;Forsvar;4738000;238000;0;;;;;;;4,68;-106;50;;;Ja
Gabriel Martinelli;Brasilien;Angreb;4059000;59000;0;;;;;;;0,44;-16;15;;;Ja
Garry Mendes Rodrigues;Kap Verde;Angreb;2513000;13000;0;;;;;;;0;-9;5;;;Ja
Gaston Olveira;Paraguay;Keeper;2985000;-15000;0;;;;;;;0,02;-6;-5;;;Ja
George Hirst;Skotland;Angreb;2485000;-15000;0;;;;;;;0,01;-16;-6;;;Ja
Geronimo Rulli;Argentina;Keeper;4485000;-15000;0;;;;;;;0,06;-10;-3;;;Ja
Gervane Kastaneer;Curaçao;Angreb;2462000;-38000;0;;;2;;;;0;-4;-15;;;Ja
Ghislain Konan;Elfenbenskysten;Forsvar;2580000;80000;0;;;;;;;4,13;-1553;31;;;Ja
Gideon Mensah;Ghana;Forsvar;3147000;147000;0;;;;;;;0,07;-4;47;;;Ja
Giovani Lo Celso;Argentina;Midtbane;4217000;217000;0;1;;;;;;0,47;164;51;;;Ja
Giovanni Reyna;USA;Midtbane;3227000;227000;0;1;;;;;;0,74;110;70;;;Ja
Giuliano Simeone;Argentina;Angreb;4034000;34000;0;;;;;;;0,26;-14;8;;;Ja
Godfried Roemeratoe;Curaçao;Midtbane;2002000;2000;0;;;;;;;0,01;-9;1;;;Ja
Goncalo Inacio;Portugal;Forsvar;3985000;-15000;0;;;;;;;0,41;-33;-4;;;Ja
Goncalo Ramos;Portugal;Angreb;5002000;2000;0;;;;;;;0,39;-27;0;;;Ja
Gonzalo Montiel;Argentina;Forsvar;3532000;32000;0;;;;;;;0,61;-1;9;;;Ja
Gonzalo Plata;Ecuador;Midtbane;3757000;257000;0;1;;1;;4;;0,43;-16;68;;;Ja
Gonzalo Valle;Ecuador;Keeper;2985000;-15000;0;;;;;;;0,03;-4;-5;;;Ja
Granit Xhaka;Schweiz;Midtbane;4252000;252000;0;1;;1;;;;3,69;-118;59;;;Ja
Grant Hanley;Skotland;Forsvar;2578000;78000;0;;;;;;;0,07;-29;30;;;Ja
Gregor Kobel;Schweiz;Keeper;4177000;177000;0;;;;;;11;9,61;-161;42;;;Ja
Gue-sung Cho;Sydkorea;Angreb;2483000;-17000;0;;;1;;1;;0,16;-36;-7;;;Ja
Guela Doue;Elfenbenskysten;Forsvar;3155000;155000;0;;;1;;;;1,22;-236;49;;;Ja
Guillermo Martinez;Mexico;Angreb;2042000;42000;0;;;;;;;0,11;3;21;;;Ja
Guillermo Ochoa;Mexico;Keeper;3032000;32000;0;;;;;;;0,56;-20;11;;;Ja
Guillermo Varela;Uruguay;Forsvar;3001000;1000;0;;;1;;;;0,26;-38;0;;;Ja
Gustaf Lagerbielke;Sverige;Forsvar;3067000;67000;0;;;;;1;;0,09;-10;22;;;Ja
Gustaf Nilsson;Sverige;Angreb;1985000;-15000;0;;;;;;;0,1;-7;-8;;;Ja
Gustavo Gomez;Paraguay;Forsvar;3131000;131000;0;;;;;;;0,06;-12;42;;;Ja
Gustavo Puerta;Colombia;Midtbane;2668000;168000;0;;1;1;;3;;0,21;85;63;;;Ja
Gustavo Velazquez;Paraguay;Forsvar;2589000;89000;0;;;;;;;0,02;-9;34;;;Ja
Haissem Hassan;Egypten;Midtbane;1985000;-15000;0;;;;;;;0,05;1;-8;;;Ja
Hakan Calhanoglu;Tyrkiet;Midtbane;3989000;-11000;0;;;;;2;;1,14;-191;-3;;;Ja
Hamdy Fathy;Egypten;Midtbane;2533000;33000;0;;;;;;;0,03;-2;13;;;Ja
Han-beom Lee;Sydkorea;Forsvar;2026000;26000;0;;;;;;;0,66;-160;13;;;Ja
Hannes Delcroix;Haiti;Forsvar;2453000;-47000;0;;;;;;;0,01;-7;-19;;;Ja
Hannibal Mejbri;Tunesien;Midtbane;3051000;51000;0;;2;;;1;;0,04;-4;17;;;Ja
Hans Vanaken;Belgien;Midtbane;4098000;98000;0;;;;;;;0,25;-13;24;;;Ja
Haris Tabakovic;Bosnien-Hercegovina;Angreb;2985000;-15000;0;;;;;;;0,02;-4;-5;;;Ja
Harry Kane;England;Angreb;10058000;558000;0;3;;;;3;;19,93;-567;55;;;Ja
Hazem Mastouri;Tunesien;Angreb;3610000;110000;0;1;;;;1;;0,01;-8;30;;;Ja
Hee-Chan Hwang;Sydkorea;Midtbane;3050000;50000;0;;;;;;;0,2;-45;16;;;Ja
Helio Varela;Kap Verde;Angreb;2674000;174000;0;1;;;;;;0,01;-13;65;;;Ja
Henrik Falchener;Norge;Forsvar;1975000;-25000;0;;;;;;;0,22;12;-13;;;Ja
Herman Johansson;Sverige;Midtbane;2485000;-15000;0;;;;;;;0,07;-4;-6;;;Ja
Hernan Galindez;Ecuador;Keeper;3662000;162000;0;;;;;;8;1,45;-77;44;;;Ja
Heung-Min Son;Sydkorea;Angreb;6026000;26000;0;;;;;1;;0,5;-100;4;;;Ja
Hicham Boudaoui;Algeriet;Midtbane;2502000;2000;0;;;;;;;0,01;-6;1;;;Ja
Hiroki Ito;Japan;Forsvar;2652000;152000;0;;;;;;;0,74;-64;57;;;Ja
Homam Al-Amin Ahmed;Qatar;Forsvar;2502000;2000;0;;1;;1;;;0;-4;1;;;Ja
Hossam Abdelmaguid;Egypten;Forsvar;2522000;22000;0;;;;;;;0,01;-7;9;;;Ja
Hossein Kanaani;Iran;Forsvar;2561000;61000;0;;;1;;1;;0,02;-3;24;;;Ja
Houssem Aouar;Algeriet;Midtbane;2632000;132000;0;;2;;;;;0,06;5;50;;;Ja
Husam Abu Dahab;Jordan;Forsvar;1953000;-47000;0;;;1;;;;0,01;-5;-24;;;Ja
Hussein Ali;Iraq;Forsvar;2963000;-37000;0;;;;;;;0,02;-11;-12;;;Ja
Hyeon-Gyu Oh;Sydkorea;Angreb;3707000;207000;0;1;;;;1;;0,1;-17;56;;;Ja
Hyeon-Woo Jo;Sydkorea;Keeper;3485000;-15000;0;;;;;;;0,06;-7;-4;;;Ja
Hyun-Jun Yang;Sydkorea;Midtbane;2499000;-1000;0;;;;;1;;0,05;-14;$-0;;;Ja
Ibrahim Adel;Egypten;Midtbane;3002000;2000;0;;;;;;;0,06;-18;1;;;Ja
Ibrahim Bayesh;Iraq;Midtbane;2419000;-81000;0;;;;;;;0,01;-6;-33;;;Ja
Ibrahim Maza;Algeriet;Midtbane;3100000;100000;0;;;;;3;;0,12;-12;32;;;Ja
Ibrahim Mbaye;Senegal;Midtbane;4196000;196000;0;1;;;;;;0,2;-34;47;;;Ja
Ibrahim Saadeh;Jordan;Midtbane;2485000;-15000;0;;;;;;;0,01;-2;-6;;;Ja
Ibrahim Sabra;Jordan;Angreb;2485000;-15000;0;;;;;;;0;-7;-6;Ja;;Ja
Ibrahima Konate;Frankrig;Forsvar;3032000;32000;0;;;;;;;2,07;-37;11;;;Ja
Idrissa Gana Gueye;Senegal;Midtbane;3060000;60000;0;;;;;;;0,11;1;20;;;Ja
Igor Matanovic;Kroatien;Angreb;2530000;30000;0;;;;;1;;0,02;-7;12;;;Ja
Igor Sergeev;Usbekistan;Angreb;1973000;-27000;0;;;;;;;0;-14;-14;;;Ja
Igor Thiago;Brasilien;Angreb;4014000;14000;0;;;;;1;;1,46;-123;3;;;Ja
Iliman Ndiaye;Senegal;Midtbane;3338000;338000;0;1;2;;;1;;0,52;-13;101;;;Ja
Ime Okon;Sydafrika;Forsvar;2089000;89000;0;;;;;;;0,07;-1;43;;;Ja
Iñaki Williams;Ghana;Angreb;2982000;-18000;0;;;1;;;;0,21;-22;-6;;;Ja
Irfan Can Kahveci;Tyrkiet;Midtbane;2032000;32000;0;;;;;;;0,07;-13;16;;;Ja
Isak Hien;Sverige;Forsvar;2535000;35000;0;;;1;;;;0,17;-17;14;Ja;;Ja
Ismael Diaz;Panama;Angreb;2505000;5000;0;;;;;2;;0;-5;2;;;Ja
Ismael Gharbi;Tunesien;Midtbane;2451000;-49000;0;;;;;;;0;-6;-20;;;Ja
Ismael Kone;Canada;Midtbane;3104000;104000;0;;;;;;;0,08;-14;34;Ja;;Ja
Ismael Saibari;Marokko;Midtbane;4115000;615000;0;3;;;;;;22,39;-1547;149;;;Ja
Ismail Jakobs;Senegal;Forsvar;2628000;128000;0;;;;;;;0,05;1;49;;;Ja
Ismail Yüksek;Tyrkiet;Midtbane;2469000;-31000;0;;;;;;;0,06;-17;-13;;;Ja
Ismaila Sarr;Senegal;Midtbane;4088000;588000;0;3;1;;;2;;9,63;-1599;144;;;Ja
Israel Reyes;Mexico;Forsvar;3246000;246000;0;;;;;;;0,71;49;76;;;Ja
Issahaku Abdul Fatawu;Ghana;Angreb;2555000;55000;0;;;;;;;0,02;-4;22;;;Ja
Ivan Basic;Bosnien-Hercegovina;Midtbane;2613000;113000;0;;1;;;;;0,08;-11;43;;;Ja
Ivan Perisic;Kroatien;Angreb;4623000;123000;0;;1;1;;1;;0,28;-32;27;;;Ja
Ivan Sunjic;Bosnien-Hercegovina;Midtbane;3041000;41000;0;;;;;1;;0,02;-9;13;;;Ja
Ivor Pandur;Kroatien;Keeper;2485000;-15000;0;;;;;;;0,12;-2;-6;;;Ja
Jack Hendry;Skotland;Forsvar;2058000;58000;0;;;;;;;0,16;-22;28;;;Ja
Jackson Porozo;Ecuador;Forsvar;1961000;-39000;0;;;1;;;;0,15;33;-20;;;Ja
Jacob Italiano;Australien;Forsvar;2050000;50000;0;;;1;;;;0,07;-8;24;Ja;;Ja
Jacob Widell Zetterström;Sverige;Keeper;3514000;14000;0;;;;;;2;0,02;0;4;;;Ja
Jae-Sung Lee;Sydkorea;Midtbane;4020000;20000;0;;;;;1;;0,18;-35;5;;;Ja
Jakhongir Urozov;Usbekistan;Forsvar;2479000;-21000;0;;;;;;;0;-5;-8;;;Ja
Jamal Musiala;Tyskland;Midtbane;6731000;231000;0;1;;;;;;8,87;-325;34;;;Ja
James Rodriguez;Colombia;Midtbane;4118000;118000;0;;;;;3;;5,24;-34;29;;;Ja
James Trafford;England;Keeper;3985000;-15000;0;;;;;;;0,13;-3;-4;;;Ja
Jaminton Campaz;Colombia;Midtbane;2682000;182000;0;1;;;;;;0,09;2;68;;;Ja
Jamiro Monteiro;Kap Verde;Midtbane;2550000;50000;0;;;;;1;;0,03;-9;20;;;Ja
Jamshid Iskanderov;Usbekistan;Midtbane;1981000;-19000;0;;;;;;;0;-6;-10;;;Ja
Jan Paul van Hecke;Holland;Forsvar;3329000;329000;0;1;;;;1;;2,9;-50;99;;;Ja
Jaroslav Zeleny;Tjekkiet;Forsvar;2492000;-8000;0;;;;;;;0,03;-8;-3;;;Ja
Jason Geria;Australien;Forsvar;2536000;36000;0;;;;;;;0,01;-4;14;;;Ja
Jassem Gaber;Qatar;Midtbane;2452000;-48000;0;;;1;;;;0;-4;-20;;;Ja
Jayden Adams;Sydafrika;Midtbane;2027000;27000;0;;;;;;;0,09;8;13;;;Ja
Jean Michael Seri;Elfenbenskysten;Midtbane;2522000;22000;0;;;;;;;0,03;-7;9;;;Ja
Jean-Kevin Duverne;Haiti;Forsvar;2525000;25000;0;;1;;;;;0;-10;10;;;Ja
Jean-Ricner Bellegarde;Haiti;Midtbane;2933000;-67000;0;;;1;;;;0,01;-14;-23;;;Ja
Jearl Margaritha;Curaçao;Angreb;2982000;-18000;0;;;;;;;0,02;-6;-6;;;Ja
Jefferson Lerma;Colombia;Midtbane;3098000;98000;0;;;1;;1;;0,22;-2;32;;;Ja
Jens Petter Hauge;Norge;Midtbane;2481000;-19000;0;;;;;;;0,26;-18;-8;;;Ja
Jeremy Antonisse;Curaçao;Angreb;1953000;-47000;0;;;;;;;0,03;-10;-24;;;Ja
Jeremy Arevalo;Ecuador;Angreb;1985000;-15000;0;;;;;;;0,01;-7;-8;;;Ja
Jeremy Doku;Belgien;Angreb;6571000;71000;0;;;;;1;;1,51;-85;11;;;Ja
Jerome Opoku;Ghana;Forsvar;2649000;149000;0;;;;;;;0,04;-9;56;;;Ja
Jesper Karlström;Sverige;Midtbane;3016000;16000;0;;;;;;;0,12;-12;5;;;Ja
Jesse Randall;New Zealand;Angreb;1980000;-20000;0;;;;;;;0,01;-4;-10;;;Ja
Jesus Gallardo;Mexico;Forsvar;3236000;236000;0;;;;;;;1,03;-18;73;;;Ja
Jhon Arias;Colombia;Midtbane;3128000;128000;0;;;;;3;;2,58;329;41;;;Ja
Jhon Cordoba;Colombia;Angreb;3059000;59000;0;;;;;1;;0,06;7;19;;;Ja
Jhon Lucumi;Colombia;Forsvar;3688000;188000;0;;;1;;;;0,18;8;51;;;Ja
Ji-sung Eom;Sydkorea;Midtbane;2036000;36000;0;;;;;;;0,06;-17;18;;;Ja
Jin-gyu Kim;Sydkorea;Midtbane;2518000;18000;0;;;;;;;0,03;-13;7;;;Ja
Jin-seob Park;Sydkorea;Midtbane;2536000;36000;0;;;;;1;;0,01;-4;14;;;Ja
Jiovany Ramos;Panama;Forsvar;1977000;-23000;0;;;;;;;0,01;-9;-12;;;Ja
João Cancelo;Portugal;Forsvar;5148000;148000;0;;1;;;;;1,54;-96;29;;;Ja
João Felix;Portugal;Angreb;4579000;79000;0;;;;;;;0,92;-44;17;;;Ja
João Neves;Portugal;Midtbane;5281000;281000;0;1;;;;;;4,57;-234;53;;;Ja
Joao Paulo;Kap Verde;Forsvar;2569000;69000;0;;;;;;;0,02;-5;27;;;Ja
Joaquin Piquerez;Uruguay;Midtbane;2485000;-15000;0;;;;;;;0,02;-8;-6;;;Ja
Joaquin Seys;Belgien;Forsvar;2485000;-15000;0;;;;;;;0,04;-8;-6;;;Ja
Joe Bell;New Zealand;Midtbane;2484000;-16000;0;;;;;;;0,02;-8;-6;;;Ja
Joel Ordonez;Ecuador;Forsvar;2530000;30000;0;;;;;;;0,65;-41;12;;;Ja
Joel Waterman;Canada;Forsvar;2485000;-15000;0;;;;;;;0,02;-6;-6;;;Ja
Johan Manzambi;Schweiz;Midtbane;3728000;728000;0;3;1;;;;;2,44;1985;195;;;Ja
Johan Mojica;Colombia;Forsvar;3631000;131000;0;;;1;;1;;0,38;-12;36;;;Ja
Johan Vasquez;Mexico;Forsvar;3189000;189000;0;;;;;;;2,5;-116;59;;;Ja
John McGinn;Skotland;Midtbane;3731000;231000;0;1;;;;;;0,86;-172;62;;;Ja
John Souttar;Skotland;Forsvar;2485000;-15000;0;;;;;;;0,03;-18;-6;;;Ja
John Stones;England;Forsvar;4046000;46000;0;;;;;;;1,07;-54;11;;;Ja
John Yeboah;Ecuador;Midtbane;3075000;75000;0;;;;;2;;0,42;-34;24;;;Ja
Johny Placide;Haiti;Keeper;2488000;-12000;0;;;1;;;11;0,01;-10;-5;;;Ja
Jonathan David;Canada;Angreb;5127000;627000;0;3;;;;3;;1,02;301;122;;;Ja
Jonathan Osorio;Canada;Midtbane;3002000;2000;0;;;;;;;0,03;-6;1;;;Ja
Jonathan Tah;Tyskland;Forsvar;4611000;111000;0;;;;;;;2,31;-50;24;;;Ja
Jordan Ayew;Ghana;Angreb;3035000;35000;0;;;;;;;0,29;-18;12;;;Ja
Jordan Bos;Australien;Forsvar;3147000;147000;0;;;1;;2;;0,04;-2;47;;;Ja
Jordan Henderson;England;Midtbane;3522000;22000;0;;;;;;;0,56;-20;6;;;Ja
Jordan Pickford;England;Keeper;5295000;295000;0;;;;;;5;3,74;10;56;;;Ja
Jordy Alcivar;Ecuador;Midtbane;1982000;-18000;0;;;1;;;;0,03;1;-9;;;Ja
Jordy Caicedo;Ecuador;Angreb;2539000;39000;0;;;;;;;0,02;-8;15;;;Ja
Jorge Carrascal;Colombia;Midtbane;2485000;-15000;0;;;;;;;0,02;-11;-6;;;Ja
Jorge Gutierrez;Panama;Forsvar;2473000;-27000;0;;;;;;;0,01;-4;-11;;;Ja
Jorge Sanchez;Mexico;Forsvar;2769000;269000;0;;1;;;1;;0,91;56;97;;;Ja
Jørgen Strand Larsen;Norge;Angreb;2937000;-63000;0;;;;;;;0,26;-23;-21;;;Ja
Joris Kayembe;Congo DR;Forsvar;2545000;45000;0;;;;;;;0,01;-9;18;;;Ja
Jorrel Hato;Holland;Forsvar;2485000;-15000;0;;;;;;;0,29;-20;-6;;;Ja
Jose Cordoba;Panama;Forsvar;2465000;-35000;0;;;;;;;0;-7;-14;;;Ja
Jose Fajardo;Panama;Angreb;2945000;-55000;0;;;1;;;;0,01;-2;-19;;;Ja
Jose Luis Rodriguez Francis;Panama;Midtbane;2483000;-17000;0;;;;;1;;0,02;-4;-7;;;Ja
Jose Manuel Lopez;Argentina;Angreb;2522000;22000;0;;;;;;;0,1;0;9;;;Ja
Jose Maria Gimenez;Uruguay;Forsvar;4485000;-15000;0;;;;;;;0,15;-18;-3;;;Ja
Jose Sa;Portugal;Keeper;4485000;-15000;0;;;;;;;0,18;-10;-3;;;Ja
Joseph Anang;Ghana;Keeper;2485000;-15000;0;;;;;;;0,02;-5;-6;;;Ja
Joshua Brenet;Curaçao;Forsvar;2540000;40000;0;;;;;;;0,02;-7;16;;;Ja
Joshua Kimmich;Tyskland;Midtbane;5249000;249000;0;;2;;;;;4,89;-129;47;;;Ja
Josip Stanisic;Kroatien;Forsvar;3683000;183000;0;;1;;;;;0,49;-33;50;;;Ja
Josip Sutalo;Kroatien;Forsvar;3123000;123000;0;;;;;;;0,12;-18;39;;;Ja
Josko Gvardiol;Kroatien;Forsvar;3551000;51000;0;;;;;;;2,68;-114;14;;;Ja
Josue Casimir;Haiti;Angreb;2441000;-59000;0;;;1;;;;0;-5;-24;;;Ja
Josue Duverger;Haiti;Keeper;2485000;-15000;0;;;;;;;0;-7;-6;;;Ja
Jovane Cabral;Kap Verde;Angreb;2502000;2000;0;;;;;;;0;-5;1;;;Ja
Jovo Lukic;Bosnien-Hercegovina;Angreb;2125000;125000;0;1;;1;;1;;0,12;-13;59;;;Ja
Juan Jose Caceres;Paraguay;Forsvar;3129000;129000;0;;;1;;1;;0,02;-11;41;;;Ja
Juan Manuel Sanabria;Uruguay;Midtbane;3009000;9000;0;;;1;;;;0,04;-5;3;;;Ja
Juan Portilla;Colombia;Midtbane;2485000;-15000;0;;;;;;;0,02;-7;-6;;;Ja
Juan Quintero;Colombia;Midtbane;2609000;109000;0;;1;;;;;0,05;8;42;;;Ja
Jude Bellingham;England;Midtbane;6626000;626000;0;2;1;;;1;;6,59;486;94;;;Ja
Julian Alvarez;Argentina;Angreb;6168000;168000;0;;;;;2;;8,66;-402;27;;;Ja
Julian Quinones;Mexico;Angreb;3499000;499000;0;2;;;;2;;1,03;40;143;;;Ja
Julian Ryerson;Norge;Forsvar;3591000;91000;0;;;;;;;4;-155;25;Ja;;Ja
Julio Enciso;Paraguay;Angreb;3651000;151000;0;;2;;;;;0,05;-9;41;;;Ja
Jun-ho Bae;Sydkorea;Midtbane;2485000;-15000;0;;;;;;;0,02;-4;-6;;;Ja
Juninho Bacuna;Curaçao;Midtbane;2918000;-82000;0;;;2;;1;;0,03;-8;-28;;;Ja
Junior Alonso;Paraguay;Forsvar;3061000;61000;0;;;1;;;;0,02;-7;20;;;Ja
Junnosuke Suzuki;Japan;Forsvar;2532000;32000;0;;;;;;;0,4;-26;13;;;Ja
Junya Ito;Japan;Midtbane;3756000;256000;0;1;;;;;;0,44;-37;68;;;Ja
Jurien Gaari;Curaçao;Forsvar;2520000;20000;0;;;1;;;;0,01;-5;8;;;Ja
Kaan Ayhan;Tyrkiet;Midtbane;2222000;222000;0;1;;;;;;0,03;-8;100;;;Ja
Kai Havertz;Tyskland;Angreb;5932000;432000;0;2;;;;2;;20,94;-359;73;;;Ja
Kai Trewin;Australien;Forsvar;1985000;-15000;0;;;;;;;0,01;-5;-8;;;Ja
Kaishu Sano;Japan;Midtbane;2643000;143000;0;;1;;;;;0,28;-31;54;;;Ja
Kalidou Koulibaly;Senegal;Forsvar;2465000;-35000;0;;;;;;;0,36;-59;-14;;;Ja
Kamaldeen Sulemana;Ghana;Angreb;3018000;18000;0;;;;;;;0,06;-8;6;;;Ja
Kang-In Lee;Sydkorea;Midtbane;5076000;76000;0;;1;1;;1;;0,39;-94;15;;;Ja
Karim Boudiaf;Qatar;Midtbane;2510000;10000;0;;;;;;;0;-4;4;;;Ja
Keisuke Goto;Japan;Angreb;2522000;22000;0;;;;;;;0,03;-2;9;;;Ja
Keisuke Osako;Japan;Keeper;3485000;-15000;0;;;;;;;0,02;-3;-4;;;Ja
Keito Nakamura;Japan;Midtbane;3312000;312000;0;1;1;;;1;;1,45;-209;94;;;Ja
Kelvin Pires;Kap Verde;Forsvar;1985000;-15000;0;;;;;;;0,02;-5;-8;;;Ja
Kenan Yildiz;Tyrkiet;Midtbane;4038000;38000;0;;;;;2;;2,26;-453;9;;;Ja
Kendry Paez;Ecuador;Midtbane;2985000;-15000;0;;;;;;;0,08;-15;-5;;;Ja
Kenji Gorre;Curaçao;Angreb;2502000;2000;0;;;;;;;0;-11;1;;;Ja
Kenny McLean;Skotland;Midtbane;2486000;-14000;0;;;1;;;;0,04;-10;-6;;;Ja
Kento Shiogai;Japan;Angreb;2512000;12000;0;;;;;;;0,02;-6;5;;;Ja
Kerem Akturkoglu;Tyrkiet;Midtbane;4479000;-21000;0;;;;;1;;0,2;-56;-5;;;Ja
Kerim Alajbegovic;Bosnien-Hercegovina;Midtbane;3716000;216000;0;1;;;;;;0,68;-109;58;;;Ja
Kevin Castano;Colombia;Midtbane;3049000;49000;0;;;;;;;0,04;-6;16;;;Ja
Kevin Danso;Østrig;Forsvar;2549000;49000;0;;;;;;;0,24;-25;19;;;Ja
Kevin De Bruyne;Belgien;Midtbane;7268000;268000;0;1;;;;3;;2,35;-209;37;;;Ja
Kevin Felida;Curaçao;Midtbane;1985000;-15000;0;;;;;;;0,02;-7;-8;;;Ja
Kevin Lenini Pina;Kap Verde;Midtbane;2223000;223000;0;1;;;;;;0,14;-12;100;;;Ja
Kevin Rodriguez;Ecuador;Angreb;3115000;115000;0;;1;;;1;;0,05;-5;37;;;Ja
Kevin Yakob;Iraq;Midtbane;1973000;-27000;0;;;;;;;0,38;-43;-14;;;Ja
Khalil Ayari;Tunesien;Midtbane;1985000;-15000;0;;;;;;;0,01;-2;-8;;;Ja
Khozhiakbar Alizhonov;Usbekistan;Forsvar;2463000;-37000;0;;;;;;;0,01;-2;-15;;;Ja
Khuliso Mudau;Sydafrika;Forsvar;3089000;89000;0;;;;;;;0,01;-4;29;;;Ja
Khulumani Ndamane;Sydafrika;Forsvar;1985000;-15000;0;;;;;;;0,02;-2;-8;;;Ja
Kieran Tierney;Skotland;Forsvar;2477000;-23000;0;;;;;;;0,16;-24;-9;;;Ja
Kojo Peprah Oppong;Ghana;Forsvar;1988000;-12000;0;;;1;;;;0,02;-2;-6;;;Ja
Koki Ogawa;Japan;Angreb;4089000;89000;0;;1;;;;;0,14;-17;22;;;Ja
Koni de Winter;Belgien;Forsvar;2985000;-15000;0;;;;;;;0,09;-8;-5;;;Ja
Konrad Laimer;Østrig;Midtbane;3095000;95000;0;;1;1;;;;0,59;-59;31;;;Ja
Kosta Barbarouses;New Zealand;Angreb;2485000;-15000;0;;;;;;;0;-5;-6;;;Ja
Krepin Diatta;Senegal;Angreb;2562000;62000;0;;;;;;;0,01;-3;24;;;Ja
Kristian Thorstvedt;Norge;Midtbane;2042000;42000;0;;;;;1;;0,42;5;21;;;Ja
Kristijan Jakic;Kroatien;Forsvar;3485000;-15000;0;;;;;;;0,06;-13;-4;;;Ja
Kristoffer Ajer;Norge;Forsvar;3115000;115000;0;;;;;1;;1,87;-16;37;;;Ja
Kristoffer Nordfeldt;Sverige;Keeper;4053000;53000;0;;;;;;3;0,11;-12;13;;;Ja
Kwasi Sibo;Ghana;Midtbane;2547000;47000;0;;;;;;;0,03;-5;18;;;Ja
Kylian Mbappe;Frankrig;Angreb;10913000;913000;0;4;2;;;5;;21,4;216;84;;;Ja
Ladislav Krejci;Tjekkiet;Forsvar;3170000;170000;0;1;;1;;;;0,31;-84;54;;;Ja
Lamine Camara;Senegal;Midtbane;3088000;88000;0;;1;;;;;0,1;-18;28;;;Ja
Lamine Yamal;Spanien;Angreb;9291000;291000;0;1;;;;1;;9,62;-376;31;;;Ja
Laros Duarte;Kap Verde;Midtbane;2566000;66000;0;;;;;3;;0,02;-6;26;;;Ja
Lautaro Martinez;Argentina;Angreb;8303000;303000;0;1;;;;1;;0,85;57;36;;;Ja
Lawrence Ati Zigi;Ghana;Keeper;3027000;27000;0;;;;;;1;0,02;-3;9;;;Ja
Leandro Bacuna;Curaçao;Midtbane;2438000;-62000;0;;;1;;1;;0,02;-11;-25;;;Ja
Leandro Paredes;Argentina;Midtbane;4071000;71000;0;;;1;;;;0,48;22;17;;;Ja
Leandro Trossard;Belgien;Angreb;5911000;411000;0;2;;;;;;0,46;5;70;;;Ja
Leo Østigård;Norge;Forsvar;2728000;228000;0;1;;;;;;0,74;6;84;;;Ja
Leo Pereira;Brasilien;Forsvar;2985000;-15000;0;;;;;;;0,26;-8;-5;;;Ja
Leon Goretzka;Tyskland;Midtbane;4589000;89000;0;;;;;;;0,95;-59;19;;;Ja
Leroy Sane;Tyskland;Angreb;5746000;246000;0;1;;;;1;;1,02;18;43;;;Ja
Lewis Ferguson;Skotland;Midtbane;2018000;18000;0;;;;;1;;0,24;-39;9;;;Ja
Liam Kelly;Skotland;Keeper;2985000;-15000;0;;;;;;;0,03;-10;-5;;;Ja
Liam Millar;Canada;Midtbane;2988000;-12000;0;;;1;;;;0,05;0;-4;;;Ja
Liberato Cacace;New Zealand;Forsvar;2494000;-6000;0;;;;;1;;0,01;-4;-2;;;Ja
Lionel Messi;Argentina;Angreb;9152000;1152000;0;6;;;;3;;21,17;3278;126;;;Ja
Lionel Mpasi Nzau;Congo DR;Keeper;2599000;99000;0;;;;;;8;0,57;-160;38;;;Ja
Livano Comenencia;Curaçao;Forsvar;2671000;171000;0;1;;1;;1;;0,01;-9;64;;;Ja
Logan Rogerson;New Zealand;Angreb;2495000;-5000;0;;;;;;;0;0;-2;;;Ja
Luc De Fougerolles;Canada;Forsvar;2119000;119000;0;;;1;;1;;1;688;56;;;Ja
Luca Jaquez;Schweiz;Forsvar;2091000;91000;0;;;;;;;0,24;103;44;;;Ja
Luca Zidane;Algeriet;Keeper;3044000;44000;0;;;;;;6;0,13;-3;14;;;Ja
Lucas Bergvall;Sverige;Midtbane;2607000;107000;0;;1;1;;;;0,44;-34;41;;;Ja
Lucas Digne;Frankrig;Forsvar;3602000;102000;0;;;;;;;0,65;-18;28;;;Ja
Lucas Hernandez;Frankrig;Forsvar;2985000;-15000;0;;;;;;;0,77;-21;-5;;;Ja
Lucas Herrington;Australien;Forsvar;2052000;52000;0;;;;;;;0,02;-2;25;;;Ja
Lucas Mendes;Qatar;Forsvar;2481000;-19000;0;;;;;;;0,01;-6;-8;;;Ja
Luis Diaz;Colombia;Angreb;5876000;376000;0;1;1;;;2;;4,49;-134;64;;;Ja
Luis Mejia;Panama;Keeper;2485000;-15000;0;;;;;;;0;-5;-6;;;Ja
Luis Suarez Charris;Colombia;Angreb;4588000;88000;0;;;;;;;0,99;-52;19;;;Ja
Luiz Henrique;Brasilien;Angreb;3002000;2000;0;;;;;;;0,18;-16;1;;;Ja
Luka Modric;Kroatien;Midtbane;4141000;141000;0;;1;;;;;2,73;-77;34;;;Ja
Luka Sucic;Kroatien;Midtbane;2022000;22000;0;;;;;;;0,38;-4;11;;;Ja
Luka Vuskovic;Kroatien;Forsvar;1985000;-15000;0;;;;;;;1,38;-69;-8;;;Ja
Lukas Cerv;Tjekkiet;Midtbane;3020000;20000;0;;;;;2;;0,02;-8;7;;;Ja
Lukas Hornicek;Tjekkiet;Keeper;2485000;-15000;0;;;;;;;0,04;-10;-6;;;Ja
Lukas Provod;Tjekkiet;Midtbane;2996000;-4000;0;;;;;;;0,05;-6;-1;;;Ja
Lyle Foster;Sydafrika;Angreb;3481000;-19000;0;;;;;;;0,04;-7;-5;;;Ja
Lyndon Dykes;Skotland;Angreb;2526000;26000;0;;;;;;;0,02;-11;10;;;Ja
Maghnes Akliouche;Frankrig;Angreb;3522000;22000;0;;;;;;;0,04;-12;6;;;Ja
Mahmoud Abunada;Qatar;Keeper;2473000;-27000;0;;;1;;;12;0,03;-4;-11;;;Ja
Mahmoud Al-Mardi;Jordan;Midtbane;2003000;3000;0;;;;;1;;0,01;-5;1;;;Ja
Mahmoud Saber;Egypten;Midtbane;2634000;134000;0;1;;1;;;;0,02;12;51;;;Ja
Mahmoud Trezeguet;Egypten;Midtbane;3221000;221000;0;1;;;;2;;0,2;27;69;;;Ja
Malick Thiaw;Tyskland;Forsvar;2981000;-19000;0;;;;;;;0,26;-10;-6;;;Ja
Malik Tillman;USA;Midtbane;4177000;177000;0;;1;;;2;;0,68;135;42;;;Ja
Malo Gusto;Frankrig;Forsvar;4069000;69000;0;;;;;;;0,4;-7;17;;;Ja
Mamadou Sarr;Senegal;Forsvar;2485000;-15000;0;;;;;;;0,06;-7;-6;;;Ja
Manaf Younis;Iraq;Forsvar;1957000;-43000;0;;;;;;;0;-7;-22;;;Ja
Manu Koné;Frankrig;Midtbane;3631000;131000;0;;;;;1;;1,14;205;36;;;Ja
Manuel Akanji;Schweiz;Forsvar;3632000;132000;0;;;;;1;;2,73;-76;36;;;Ja
Manuel Ugarte;Uruguay;Midtbane;3521000;21000;0;;;;;1;;0,39;-52;6;Ja;;Ja
Marc Cucurella;Spanien;Forsvar;4796000;296000;0;;;;;2;;8,62;-206;62;;;Ja
Marc Guehi;England;Forsvar;4706000;206000;0;;;;;1;;1,27;7;44;;;Ja
Marcel Sabitzer;Østrig;Midtbane;4695000;195000;0;1;;1;;1;;1,24;-91;42;;;Ja
Marcio Rosa;Kap Verde;Keeper;2485000;-15000;0;;;;;;;0,01;-3;-6;;;Ja
Marco Friedl;Østrig;Forsvar;1981000;-19000;0;;;;;;;0,09;1;-10;;;Ja
Marco Pasalic;Kroatien;Angreb;3085000;85000;0;;;;;2;;0,08;-10;28;;;Ja
Marcos Llorente;Spanien;Midtbane;3609000;109000;0;;1;;;;;2,25;53;30;;;Ja
Marcus Holmgren Pedersen;Norge;Forsvar;2207000;207000;0;1;;;;;;0,49;47;94;;;Ja
Marcus Rashford;England;Angreb;5741000;241000;0;1;;;;1;;1,33;16;42;;;Ja
Marcus Thuram;Frankrig;Angreb;5022000;22000;0;;;;;;;0,28;-24;4;Ja;;Ja
Marin Pongracic;Kroatien;Forsvar;2631000;131000;0;;;;;;;0,06;-1;50;;;Ja
Mario Pasalic;Kroatien;Midtbane;3579000;79000;0;;;;;1;;0,19;-10;22;;;Ja
Mark Flekken;Holland;Keeper;3985000;-15000;0;;;;;;;0,23;-16;-4;;;Ja
Mark McKenzie;USA;Forsvar;1985000;-15000;0;;;;;;;0,11;3;-8;;;Ja
Marko Arnautovic;Østrig;Angreb;4789000;289000;0;2;;1;;1;;0,19;-42;60;;;Ja
Marko Farji;Iraq;Midtbane;2477000;-23000;0;;;;;;;0,01;-9;-9;;;Ja
Marko Stamenic;New Zealand;Midtbane;2450000;-50000;0;;;1;;;;0,01;-11;-20;;;Ja
Marquinhos;Brasilien;Forsvar;5238000;238000;0;;;;;;;1,83;-51;45;;;Ja
Martin Baturina;Kroatien;Midtbane;3231000;231000;0;1;;;;;;0,46;-92;71;;;Ja
Martin Erlic;Kroatien;Forsvar;2985000;-15000;0;;;;;;;0,15;-2;-5;;;Ja
Martin Experience;Haiti;Forsvar;1953000;-47000;0;;;;;;;0,02;-3;-24;;;Ja
Martin Ødegaard;Norge;Midtbane;4725000;225000;0;;2;;;1;;6,66;-94;48;;;Ja
Martin Zlomislic;Bosnien-Hercegovina;Keeper;2485000;-15000;0;;;;;;;0,02;-4;-6;;;Ja
Martin Zubimendi;Spanien;Midtbane;3485000;-15000;0;;;;;;;1,26;-115;-4;;;Ja
Marvin Keller;Schweiz;Keeper;2985000;-15000;0;;;;;;;0,06;-1;-5;;;Ja
Marvin Senaya;Ghana;Forsvar;2147000;147000;0;;;;;;;0,06;-7;68;;;Ja
Marwan Ateya;Egypten;Midtbane;3060000;60000;0;;;1;;;;0,04;-4;20;;;Ja
Matej Kovar;Tjekkiet;Keeper;3032000;32000;0;;;;;;10;0,31;-69;11;;;Ja
Matheus Cunha;Brasilien;Angreb;5061000;561000;0;3;;;;1;;4,14;457;111;;;Ja
Matheus Nunes;Portugal;Midtbane;4502000;2000;0;;;;;;;0,33;-12;0;;;Ja
Mathew Ryan;Australien;Keeper;2985000;-15000;0;;;;;;;0,12;-16;-5;;;Ja
Mathias Olivera;Uruguay;Forsvar;4001000;1000;0;;;1;;;;0,16;-26;0;;;Ja
Mathieu Choiniere;Canada;Midtbane;2473000;-27000;0;;;;;;;0,02;-3;-11;;;Ja
Matias Galarza Fonda;Paraguay;Midtbane;2752000;252000;0;1;;1;;;;0,03;-6;92;;;Ja
Matias Viña;Uruguay;Forsvar;3994000;-6000;0;;;;;;;0,04;-11;-2;;;Ja
Matt Freese;USA;Keeper;3696000;196000;0;;;;;;2;1,32;439;53;;;Ja
Matt Turner;USA;Keeper;2990000;-10000;0;;;;;;1;0,15;7;-3;;;Ja
Matthieu Epolo;Congo DR;Keeper;2985000;-15000;0;;;;;;;0,02;-10;-5;;;Ja
Mattias Svanberg;Sverige;Midtbane;2692000;192000;0;1;;;;;;0,17;-10;71;;;Ja
Max Arfsten;USA;Forsvar;2985000;-15000;0;;;;;;;0,03;-6;-5;;;Ja
Max Crocombe;New Zealand;Keeper;2525000;25000;0;;;;;;11;0,04;-4;10;;;Ja
Maxi Araujo;Uruguay;Midtbane;5411000;411000;0;2;1;;;1;;0,17;-50;76;;;Ja
Maxim De Cuyper;Belgien;Forsvar;4188000;188000;0;;;1;;5;;1,71;-240;45;;;Ja
Maxime Crepeau;Canada;Keeper;3199000;199000;0;;;;;;5;3,18;1160;62;;;Ja
Mbekezeli Mbokazi;Sydafrika;Forsvar;2599000;99000;0;;;;;1;;0,03;1;38;;;Ja
Mehdi Taremi;Iran;Angreb;3522000;22000;0;;;;;1;;0,56;-64;6;;;Ja
Memphis Depay;Holland;Angreb;4118000;118000;0;;1;1;;;;1,17;-105;29;;;Ja
Merchas Doski;Iraq;Forsvar;2391000;-109000;0;;;1;;;;0,02;-6;-46;;;Ja
Merih Demiral;Tyrkiet;Forsvar;2989000;-11000;0;;;;;2;;0,22;-49;-4;;;Ja
Mert Günok;Tyrkiet;Keeper;3485000;-15000;0;;;;;;;0,03;-5;-4;;;Ja
Mert Müldür;Tyrkiet;Forsvar;3032000;32000;0;;;;;;;0,09;-15;11;;;Ja
Meschack Elia;Congo DR;Midtbane;3102000;102000;0;;1;;;;;0,02;-8;33;;;Ja
Meshaal Barsham;Qatar;Keeper;2485000;-15000;0;;;;;;;0,01;-1;-6;;;Ja
Michael Amir Murillo;Panama;Forsvar;2475000;-25000;0;;;;;1;;0,03;-4;-10;;;Ja
Michael Gregoritsch;Østrig;Angreb;3562000;62000;0;;1;;;;;0,14;-17;17;;;Ja
Michael Olise;Frankrig;Angreb;7403000;403000;0;;3;;;2;;19,64;-521;54;;;Ja
Michael Woud;New Zealand;Keeper;2485000;-15000;0;;;;;;;0,01;-4;-6;;;Ja
Michal Sadilek;Tjekkiet;Midtbane;2650000;150000;0;1;;;;2;;0,04;-13;57;;;Ja
Michel Aebischer;Schweiz;Midtbane;2588000;88000;0;;;;;1;;0,33;4;34;;;Ja
Micky van de Ven;Holland;Forsvar;4065000;65000;0;;;1;;;;2,75;-203;16;;;Ja
Miguel Almiron;Paraguay;Midtbane;3452000;-48000;0;;;1;1;;;0,1;-7;-14;;;Ja
Mike Maignan;Frankrig;Keeper;5380000;380000;0;;;;;;5;6;52;71;;;Ja
Mikel Merino;Spanien;Midtbane;4596000;96000;0;;;;;1;;1,45;-26;21;;;Ja
Mikel Oyarzabal;Spanien;Angreb;7979000;479000;0;2;1;;;2;;14,21;-791;60;;;Ja
Milad Mohammadi;Iran;Forsvar;2552000;52000;0;;;;;1;;0,03;-4;20;;;Ja
Miles Robinson;USA;Forsvar;1985000;-15000;0;;;;;;;0,14;6;-8;;;Ja
Milos Degenek;Australien;Forsvar;2485000;-15000;0;;;;;;;0,01;-2;-6;;;Ja
Min-jae Kim;Sydkorea;Forsvar;3526000;26000;0;;;;;;;0,59;-80;7;;;Ja
Miro Muheim;Schweiz;Forsvar;2494000;-6000;0;;;;;;;0,05;-8;-2;;;Ja
Mohamed 'Hadj' Mahmoud;Tunesien;Midtbane;1977000;-23000;0;;;;;;;0,03;-8;-12;;;Ja
Mohamed Abdelmonem;Egypten;Forsvar;2541000;41000;0;;;;;;;0,03;-2;16;;;Ja
Mohamed Al-Mannai;Qatar;Midtbane;2438000;-62000;0;;;;;;;0,02;-6;-25;;;Ja
Mohamed Alaa;Egypten;Keeper;2485000;-15000;0;;;;;;;0,02;1;-6;;;Ja
Mohamed Amine Ben Hamida;Tunesien;Forsvar;2437000;-63000;0;;;;;;;0,01;-6;-26;;;Ja
Mohamed Amoura;Algeriet;Angreb;3481000;-19000;0;;;;;;;0,02;-13;-5;Ja;;Ja
Mohamed El-Shennawy;Egypten;Keeper;2985000;-15000;0;;;;;;;0,06;-1;-5;;;Ja
Mohamed Hany;Egypten;Forsvar;2592000;92000;0;;1;;;;;0,35;24;35;;;Ja
Mohamed Kanno;Saudi-Arabien;Midtbane;3017000;17000;0;;;1;;2;;0,02;-5;6;;;Ja
Mohamed Kone;Elfenbenskysten;Keeper;2985000;-15000;0;;;;;;;0,04;-6;-5;;;Ja
Mohamed Salah;Egypten;Angreb;5420000;420000;0;1;2;;;2;;1,44;-191;77;Ja;;Ja
Mohamed Toure;Australien;Angreb;3030000;30000;0;;;;;1;;0,04;-15;10;;;Ja
Mohamed Zeki Amdouni;Schweiz;Angreb;3494000;-6000;0;;;;;;;0,04;-9;-2;;;Ja
Mohammad Abu 'Shararh' Zrayq;Jordan;Midtbane;2473000;-27000;0;;;1;;;;0,01;-4;-11;;;Ja
Mohammad Abu Hasheesh;Jordan;Midtbane;2489000;-11000;0;;;;;;;0;-9;-4;;;Ja
Mohammad Abualnadi;Jordan;Forsvar;2491000;-9000;0;;;;;;;0,02;-4;-4;;;Ja
Mohammad Al-Dawoud;Jordan;Midtbane;1981000;-19000;0;;;;;;;0,01;-9;-10;;;Ja
Mohammad Ghorbani;Iran;Midtbane;2514000;14000;0;;;;;1;;0,02;-5;6;;;Ja
Mohammad Mohebi;Iran;Angreb;3187000;187000;0;1;;;;;;0,01;-7;59;;;Ja
Mohammed Muntari;Qatar;Angreb;1985000;-15000;0;;;;;;;0,01;-10;-8;;;Ja
Mohanad Ali;Iraq;Angreb;2981000;-19000;0;;;;;;;0,01;-6;-6;;;Ja
Mohanad Lasheen;Egypten;Midtbane;2542000;42000;0;;;2;;;;0,03;-3;17;;;Ja
Mohannad Abu Taha;Jordan;Midtbane;2443000;-57000;0;;;1;;;;0,01;-4;-23;;;Ja
Moises Caicedo;Ecuador;Midtbane;3057000;57000;0;;;;;1;;1,03;-43;19;;;Ja
Moises Ramirez;Ecuador;Keeper;2485000;-15000;0;;;;;;;0,03;1;-6;;;Ja
Mojmir Chytil;Tjekkiet;Angreb;2489000;-11000;0;;;;;;;0,01;-6;-4;;;Ja
Montassar Talbi;Tunesien;Forsvar;2921000;-79000;0;;;;;;;0,01;-6;-27;;;Ja
Moon-Hwan Kim;Sydkorea;Forsvar;2481000;-19000;0;;;;;;;0,04;-9;-8;;;Ja
Morgan Rogers;England;Midtbane;5606000;106000;0;;;;;;;0,61;-33;19;;;Ja
Mortadha Ben Ouanes;Tunesien;Midtbane;1989000;-11000;0;;;;;;;0;-10;-6;;;Ja
Morten Thorsby;Norge;Midtbane;2481000;-19000;0;;;;;;;0,06;-5;-8;;;Ja
Mory Diaw;Senegal;Keeper;3166000;166000;0;;;;;;1;0,05;5;52;;;Ja
Mousa Tamari;Jordan;Midtbane;3217000;217000;0;1;1;;;2;;0,02;-18;67;;;Ja
Moussa Niakhate;Senegal;Forsvar;3112000;112000;0;;;;;;;0,09;-14;36;;;Ja
Moutaz Neffati;Tunesien;Forsvar;1985000;-15000;0;;;;;;;0,01;-5;-8;;;Ja
Munir Mohamedi El Kajoui;Marokko;Keeper;2985000;-15000;0;;;;;;;0,03;-4;-5;;;Ja
Musab Al-Juwayr;Saudi-Arabien;Midtbane;2509000;9000;0;;;;;;;0,01;-4;4;;;Ja
N'Golo Kante;Frankrig;Midtbane;2985000;-15000;0;;;;;;;1,68;-89;-5;;;Ja
Nahuel Molina;Argentina;Forsvar;4149000;149000;0;;;;;;;1,5;116;36;;;Ja
Nasser Al-Dawsari;Saudi-Arabien;Midtbane;2463000;-37000;0;;;1;;;;0,01;-4;-15;;;Ja
Nathan Ake;Holland;Forsvar;3553000;53000;0;;;;;;;1,66;-20;15;;;Ja
Nathan Ngoy;Belgien;Forsvar;2021000;21000;0;;;;1;;;3,45;66;10;;;Ja
Nathan Patterson;Skotland;Forsvar;1998000;-2000;0;;;;;;;0,09;-28;-1;;;Ja
Nathan Saliba;Canada;Midtbane;3320000;320000;0;1;2;;;;;0,37;348;96;;;Ja
Nathanael Mbuku;Congo DR;Midtbane;2528000;28000;0;;;1;;2;;0,01;-2;11;;;Ja
Nawaf Al-Aqidi;Saudi-Arabien;Keeper;2485000;-15000;0;;;;;;;0,01;-3;-6;;;Ja
Nawaf Bu Washl;Saudi-Arabien;Forsvar;2569000;69000;0;;;;;;;0;-7;27;;;Ja
Neil El Aynaoui;Marokko;Midtbane;3112000;112000;0;;;;;1;;0,24;-34;36;;;Ja
Nelson Semedo;Portugal;Forsvar;4039000;39000;0;;;1;;;;0,38;-17;10;;;Ja
Nestory Irankunda;Australien;Angreb;3761000;261000;0;1;;;;1;;0,05;-11;69;;;Ja
Ngal'ayel Mukau;Congo DR;Midtbane;2565000;65000;0;;;;;;;0,02;-9;25;;;Ja
Nick Woltemade;Tyskland;Angreb;5985000;-15000;0;;;;;;;0,46;-86;-3;;;Ja
Nico Elvedi;Schweiz;Forsvar;3102000;102000;0;;;1;;;;2,2;-53;33;;;Ja
Nico Gonzalez;Argentina;Angreb;4149000;149000;0;;1;;;;;0,31;-1;36;;;Ja
Nico O'Reilly;England;Forsvar;4180000;180000;0;;;;;1;;5,74;88;43;;;Ja
Nico Paz;Argentina;Midtbane;5071000;71000;0;;;;;;;1,43;-76;14;;;Ja
Nico Schlotterbeck;Tyskland;Forsvar;4338000;338000;0;1;;;;1;;3,44;-311;78;Ja;;Ja
Nicolas de la Cruz;Uruguay;Midtbane;3033000;33000;0;;;1;;2;;0,07;-12;11;;;Ja
Nicolas Jackson;Senegal;Angreb;4630000;130000;0;;1;;;3;;0,56;-176;28;;;Ja
Nicolas Otamendi;Argentina;Forsvar;4628000;128000;0;;;;;;;1,04;53;28;;;Ja
Nicolas Pepe;Elfenbenskysten;Angreb;2878000;378000;0;2;;1;;;;0,1;8;131;;;Ja
Nicolas Raskin;Belgien;Midtbane;2646000;146000;0;;1;;;;;0,24;31;55;;;Ja
Nicolas Seiwald;Østrig;Midtbane;2555000;55000;0;;;;;;;0,07;-12;22;;;Ja
Nicolas Tagliafico;Argentina;Forsvar;4091000;91000;0;;;;;;;0,62;43;22;;;Ja
Nihad Mujakic;Bosnien-Hercegovina;Forsvar;2485000;-15000;0;;;;;;;0,01;-5;-6;;;Ja
Niko Sigur;Canada;Midtbane;2532000;32000;0;;;;;;;0,01;-5;13;;;Ja
Nikola Katic;Bosnien-Hercegovina;Forsvar;3015000;15000;0;;;1;;;;0,34;-93;5;;;Ja
Nikola Moro;Kroatien;Midtbane;2485000;-15000;0;;;;;;;0,03;-11;-6;;;Ja
Nikola Vasilj;Bosnien-Hercegovina;Keeper;3075000;75000;0;;;;;;6;0,47;-74;24;;;Ja
Nikola Vlasic;Kroatien;Midtbane;3220000;220000;0;1;;;;;;0,07;-9;68;;;Ja
Nishan Velupillay;Australien;Angreb;2520000;20000;0;;;;;;;0;-5;8;;;Ja
Nizar Al-Rashdan;Jordan;Midtbane;2121000;121000;0;1;;;;;;0,01;-4;57;;;Ja
Nkosinathi Sibisi;Sydafrika;Forsvar;2453000;-47000;0;;;1;;;;0,01;-4;-19;;;Ja
Noa Lang;Holland;Angreb;3059000;59000;0;;;;;;;0,09;-14;19;;;Ja
Noah Okafor;Schweiz;Midtbane;2985000;-15000;0;;;;;;;0,17;-28;-5;;;Ja
Noah Sadiki;Congo DR;Midtbane;2537000;37000;0;;;1;;;;0,03;-7;15;;;Ja
Noni Madueke;England;Angreb;3610000;110000;0;;;;;1;;0,59;36;30;;;Ja
Noor Al-Rawabdeh;Jordan;Midtbane;2523000;23000;0;;1;;;;;0;-6;9;;;Ja
Noussair Mazraoui;Marokko;Forsvar;3648000;148000;0;;;;;;;1,45;-204;41;;;Ja
Nuno da Costa;Kap Verde;Angreb;2546000;46000;0;;;;;;;0,01;-7;18;;;Ja
Nuno Mendes;Portugal;Forsvar;4883000;383000;0;1;;;;;;13,36;-510;78;;;Ja
Obed Vargas;Mexico;Midtbane;2579000;79000;0;;;;;1;;0,05;4;31;;;Ja
Odeh Al-Fakhouri;Jordan;Midtbane;1977000;-23000;0;;;;;1;;0;-12;-12;;;Ja
Odildzhon Khamrobekov;Usbekistan;Midtbane;2425000;-75000;0;;;1;;;;0,01;-6;-31;;;Ja
Odilon Kossounou;Elfenbenskysten;Forsvar;2637000;137000;0;;;;;;;0,98;-336;52;;;Ja
Oguz Aydin;Tyrkiet;Midtbane;2026000;26000;0;;;;;;;0,04;-8;13;;;Ja
Oliver Baumann;Tyskland;Keeper;4985000;-15000;0;;;;;;;0,17;-16;-3;;;Ja
Ollie Watkins;England;Angreb;4022000;22000;0;;;;;;;0,28;-13;5;;;Ja
Omar Alderete;Paraguay;Forsvar;3631000;131000;0;;;;;;;0,07;-9;36;Ja;;Ja
Omar Marmoush;Egypten;Angreb;5090000;90000;0;;;;;2;;0,36;-27;18;;;Ja
Omar Rekik;Tunesien;Forsvar;2106000;106000;0;1;;;;;;0,05;-11;50;;;Ja
Orbelin Pineda;Mexico;Midtbane;3022000;22000;0;;;;;;;0,24;-18;7;;;Ja
Ørjan Nyland;Norge;Keeper;4115000;115000;0;;;;;;2;1,76;-29;28;;;Ja
Orkun Kökcü;Tyrkiet;Midtbane;3086000;86000;0;;1;;;;;0,23;-46;28;;;Ja
Orlando Gill;Paraguay;Keeper;3256000;256000;0;;;;;;15;0,03;-7;79;;;Ja
Orlando Mosquera;Panama;Keeper;2500000;0;0;;;;;;7;0,02;-2;0;;;Ja
Oscar Bobb;Norge;Midtbane;3081000;81000;0;;;;;2;;1,01;-31;26;;;Ja
Oston Urunov;Usbekistan;Midtbane;2469000;-31000;0;;;;;;;0,01;-4;-13;;;Ja
Oswin Appollis;Sydafrika;Angreb;3555000;55000;0;;;;;1;;0,01;-9;15;;;Ja
Otabek Shukurov;Usbekistan;Midtbane;2453000;-47000;0;;;;;;;0,01;-6;-19;;;Ja
Mostafa Oufa Shobeir;Egypten;Keeper;2727000;227000;0;;;;;;9;3,31;395;83;;;Ja
Ousmane Dembele;Frankrig;Angreb;6401000;901000;0;4;1;;;1;;18,33;1669;141;;;Ja
Ousmane Diomande;Elfenbenskysten;Forsvar;2592000;92000;0;;;;;;;0,22;-2;35;;;Ja
Owen Goodman;Canada;Keeper;2485000;-15000;0;;;;;;;0,07;-4;-6;;;Ja
Ozan Kabak;Tyrkiet;Forsvar;2536000;36000;0;;;;;;;0,09;-14;14;;;Ja
Pape Cherif Ndiaye;Senegal;Angreb;2985000;-15000;0;;;;;;;0,02;-7;-5;;;Ja
Pape Matar Sarr;Senegal;Midtbane;2499000;-1000;0;;;;;;;0,12;-18;$-0;;;Ja
Parfait Guiagon;Elfenbenskysten;Midtbane;1985000;-15000;0;;;;;;;0,04;1;-8;;;Ja
Pascal Gross;Tyskland;Midtbane;2981000;-19000;0;;;;;;;0,23;-14;-6;;;Ja
Pathe Ciss;Senegal;Midtbane;2582000;82000;0;;;;;1;;0,02;-4;32;;;Ja
Patrick Beach;Australien;Keeper;2752000;252000;0;;;;;;11;0,29;15;92;;;Ja
Patrick Berg;Norge;Midtbane;2595000;95000;0;;1;1;;;;0,35;20;37;;;Ja
Patrick Pentz;Østrig;Keeper;2985000;-15000;0;;;;;;;0,37;-23;-5;;;Ja
Patrick Wimmer;Østrig;Midtbane;3028000;28000;0;;;;;;;0,54;-23;9;;;Ja
Patrik Schick;Tjekkiet;Angreb;4524000;24000;0;;;;;1;;0,31;-72;5;;;Ja
Pau Cubarsi;Spanien;Forsvar;4276000;276000;0;;;;;;;6,74;-54;65;;;Ja
Paul Izzo;Australien;Keeper;2485000;-15000;0;;;;;;;0,05;-4;-6;;;Ja
Paul Okon-Engstler;Australien;Midtbane;2107000;107000;0;;1;;;;;0,09;-4;51;;;Ja
Pavel Sulc;Tjekkiet;Midtbane;3988000;-12000;0;;;;;;;0,13;-25;-3;;;Ja
Payam Niazmand;Iran;Keeper;2485000;-15000;0;;;;;;;0,02;-2;-6;;;Ja
Pedri;Spanien;Midtbane;6116000;116000;0;;;1;;1;;7,85;-221;19;;;Ja
Pedro 'Ro-Ro' Miguel Correia;Qatar;Forsvar;2460000;-40000;0;;;;;1;;0;-10;-16;;;Ja
Pedro Neto;Portugal;Angreb;5148000;148000;0;;1;;;;;0,55;-28;29;;;Ja
Pedro Porro;Spanien;Forsvar;4622000;122000;0;;;;;1;;1,08;-69;26;;;Ja
Pedro Vite;Ecuador;Midtbane;2617000;117000;0;;1;;;1;;0,11;4;45;;;Ja
Pervis Estupinan;Ecuador;Forsvar;3599000;99000;0;;;;;;;0,43;-24;28;;;Ja
Petar Musa;Kroatien;Angreb;2647000;147000;0;1;;;;;;0,26;-36;56;;;Ja
Petar Sucic;Kroatien;Midtbane;3286000;286000;0;1;1;1;;;;0,19;-3;87;;;Ja
Philipp Lienhart;Østrig;Forsvar;3067000;67000;0;;;;;;;0,1;-20;22;;;Ja
Phillipp Mwene;Østrig;Forsvar;2537000;37000;0;;;;;;;0,68;-79;15;;;Ja
Piero Hincapie;Ecuador;Forsvar;3567000;67000;0;;;1;;;;1,23;-57;19;;;Ja
Prince Adu;Ghana;Angreb;2049000;49000;0;;;;;;;0,06;-3;24;;;Ja
Quinten Timber;Holland;Midtbane;2994000;-6000;0;;;;;;;0,14;-9;-2;;;Ja
Rafael Leão;Portugal;Angreb;5691000;191000;0;1;;;;;;1,34;-80;34;;;Ja
Rafik Belghali;Algeriet;Forsvar;2710000;210000;0;1;;;;;;0,01;-1;77;;;Ja
Rami Rabia;Egypten;Forsvar;3088000;88000;0;;;;;;;0,08;-3;28;;;Ja
Ramin Rezaeian;Iran;Forsvar;3088000;588000;0;2;1;;;;;0,05;-16;190;;;Ja
Ramiz Zerrouki;Algeriet;Midtbane;2498000;-2000;0;;;1;;;;0;-11;-1;;;Ja
Ramon Sosa;Paraguay;Midtbane;2981000;-19000;0;;;;;;;0,01;-6;-6;;;Ja
Ramy Bensebaini;Algeriet;Forsvar;3037000;37000;0;;;;;;;0,04;-6;12;;;Ja
Rani Khedira;Tunesien;Midtbane;2949000;-51000;0;;;1;;;;0,01;-8;-17;;;Ja
Raphinha;Brasilien;Angreb;6581000;81000;0;;;;;2;;4,39;-451;12;Ja;;Ja
Raul Jimenez;Mexico;Angreb;4734000;234000;0;1;;;;2;;2,39;-108;49;;;Ja
Raul Rangel;Mexico;Keeper;4396000;396000;0;;;;;;5;2,61;52;90;;;Ja
Rayan;Brasilien;Angreb;3169000;169000;0;;1;;;1;;0,27;78;53;;;Ja
Rayan Ait-Nouri;Algeriet;Forsvar;3033000;33000;0;;;;;;;0,23;-16;11;;;Ja
Rayan Cherki;Frankrig;Angreb;4108000;108000;0;;;;;;;2,5;-156;26;;;Ja
Rayan Elloumi;Tunesien;Angreb;1985000;-15000;0;;;;;;;0,02;-6;-8;;;Ja
Rebin Sulaka;Iraq;Forsvar;1927000;-73000;0;;;;1;;;0,01;-7;-38;;;Ja
Reece James;England;Forsvar;3613000;113000;0;;;;;;;7,05;-1295;31;Ja;;Ja
Relebohile Mofokeng;Sydafrika;Angreb;2569000;69000;0;;;;;1;;0,01;-2;27;;;Ja
Remo Freuler;Schweiz;Midtbane;3630000;130000;0;;;;;;;0,47;-11;36;;;Ja
Renato Veiga;Portugal;Forsvar;3688000;188000;0;;;1;;;;0,6;2;51;;;Ja
Ricardo Ade;Haiti;Forsvar;2463000;-37000;0;;;;;1;;0;-9;-15;;;Ja
Ricardo Goss;Sydafrika;Keeper;2485000;-15000;0;;;;;;;0,03;-2;-6;;;Ja
Ricardo Pepi;USA;Angreb;2581000;81000;0;;;;;;;0,12;3;31;;;Ja
Ricardo Rodriguez;Schweiz;Forsvar;3130000;130000;0;;;;;;;1,22;-14;42;;;Ja
Richard Rios;Colombia;Midtbane;3586000;86000;0;;;;;;;0,35;-17;24;;;Ja
Richie Laryea;Canada;Forsvar;3159000;159000;0;;;;;1;;0,14;35;50;;;Ja
Riechedly Bazoer;Curaçao;Forsvar;1943000;-57000;0;;;;;;;0,04;-8;-29;;;Ja
Ritsu Doan;Japan;Midtbane;4142000;142000;0;;1;;;;;0,37;-19;34;;;Ja
Riyad Mahrez;Algeriet;Angreb;4396000;396000;0;2;1;;;1;;0,09;-8;90;;;Ja
Roberto 'Gatito' Fernandez;Paraguay;Keeper;2985000;-15000;0;;;;;;;0,02;-4;-5;;;Ja
Roberto Alvarado;Mexico;Midtbane;2776000;276000;0;;2;;;;;3,02;216;99;;;Ja
Roberto Lopes;Kap Verde;Forsvar;2140000;140000;0;;;;;;;0,06;-9;65;;;Ja
Robin Hranac;Tjekkiet;Forsvar;2482000;-18000;0;;;;;;;0,04;-8;-7;;;Ja
Roderick Miller;Panama;Forsvar;1985000;-15000;0;;;;;;;0,01;-7;-8;;;Ja
Rodri Hernandez;Spanien;Midtbane;5126000;126000;0;;;;;;;1,91;-42;25;;;Ja
Rodrigo Aguirre;Uruguay;Angreb;3002000;2000;0;;;;;;;0,03;-14;1;;;Ja
Rodrigo de Paul;Argentina;Midtbane;4659000;159000;0;;1;;;;;1,89;261;34;;;Ja
Roger Ibanez;Brasilien;Forsvar;2484000;-16000;0;;;1;;;;0,34;-13;-6;;;Ja
Romano Schmid;Østrig;Midtbane;3199000;199000;0;1;;;;;;0,16;-28;62;;;Ja
Ronald Araujo;Uruguay;Forsvar;4485000;-15000;0;;;;;;;0,21;-29;-3;;;Ja
Ronwen Williams;Sydafrika;Keeper;3144000;144000;0;;;;;;6;0,06;8;46;;;Ja
Roshon van Eijma;Curaçao;Forsvar;2502000;2000;0;;;;;;;0;-7;1;;;Ja
Ruben Dias;Portugal;Forsvar;4189000;189000;0;;;;;;;3,15;-99;45;;;Ja
Ruben Neves;Portugal;Midtbane;4002000;2000;0;;;;;;;1,11;-13;0;;;Ja
Ruben Providence;Haiti;Angreb;2479000;-21000;0;;;;;1;;0;-6;-8;;;Ja
Ruben Vargas;Schweiz;Angreb;4000000;500000;0;2;1;;;2;;0,33;55;125;;;Ja
Rui Silva;Portugal;Keeper;3985000;-15000;0;;;;;;;0,19;-7;-4;;;Ja
Rustam Ashurmatov;Usbekistan;Forsvar;2437000;-63000;0;;;;;;;0;-5;-26;;;Ja
Ryan Christie;Skotland;Midtbane;2502000;2000;0;;;1;;;;0,24;-30;1;;;Ja
Ryan Gravenberch;Holland;Midtbane;3772000;272000;0;;2;;;;;6,55;-265;72;;;Ja
Ryan Mendes Da Graça;Kap Verde;Angreb;3040000;40000;0;;;;;;;0,01;-11;13;;;Ja
Ryan Thomas;New Zealand;Midtbane;2494000;-6000;0;;;;;;;0,01;-2;-2;;;Ja
Sabri Ben Hessen;Tunesien;Keeper;2485000;-15000;0;;;;;;;0,01;-6;-6;;;Ja
Sadio Mane;Senegal;Angreb;5142000;142000;0;;1;;;2;;0,48;-59;28;;;Ja
Saeid Ezatolahi;Iran;Midtbane;2522000;22000;0;;;2;;2;;0,03;-12;9;;;Ja
Saleem Obaid;Jordan;Forsvar;2481000;-19000;0;;;;;;;0;-5;-8;;;Ja
Salem Al-Dawsari;Saudi-Arabien;Midtbane;2973000;-27000;0;;;1;;;;0,04;-14;-9;;;Ja
Salih Özcan;Tyrkiet;Midtbane;2040000;40000;0;;;;;;;0,09;-16;20;;;Ja
Saman Ghoddos;Iran;Midtbane;2542000;42000;0;;;;;;;0,02;-4;17;;;Ja
Samed Bazdar;Bosnien-Hercegovina;Angreb;1994000;-6000;0;;;;;;;0,02;-10;-3;;;Ja
Samet Akaydin;Tyrkiet;Forsvar;2485000;-15000;0;;;;;;;0,01;-5;-6;;;Ja
Samuel Moutoussamy;Congo DR;Midtbane;3019000;19000;0;;;1;;;;0,03;-16;6;;;Ja
Samukele Kabini;Sydafrika;Forsvar;1985000;-15000;0;;;;;;;0,02;-5;-8;;;Ja
Sander Berge;Norge;Midtbane;3105000;105000;0;;;;;;;0,68;17;34;;;Ja
Santiago Arias;Colombia;Forsvar;3552000;52000;0;;;;;;;0,06;-1;15;;;Ja
Santiago Bueno;Uruguay;Forsvar;3485000;-15000;0;;;;;;;0,06;-11;-4;;;Ja
Santiago Mele;Uruguay;Keeper;3485000;-15000;0;;;;;;;0,02;-10;-4;;;Ja
Sarpreet Singh;New Zealand;Midtbane;2500000;0;0;;;1;;2;;0,01;-5;0;;;Ja
Saud Abdulhamid;Saudi-Arabien;Forsvar;3023000;23000;0;;;1;;;;0,02;-8;8;;;Ja
Scott McKenna;Skotland;Forsvar;2465000;-35000;0;;;;;;;0,09;-25;-14;;;Ja
Scott McTominay;Skotland;Midtbane;4538000;38000;0;;;;;3;;3,85;-603;8;;;Ja
Sead Kolasinac;Bosnien-Hercegovina;Forsvar;2605000;105000;0;;1;;;;;0,37;-107;40;;;Ja
Sebastian Berhalter;USA;Midtbane;3251000;251000;0;1;1;1;;;;0,14;108;77;;;Ja
Sebastian Tounekti;Tunesien;Midtbane;1965000;-35000;0;;;;;;;0,04;-2;-18;;;Ja
Seko Fofana;Elfenbenskysten;Midtbane;2508000;8000;0;;;1;;1;;0,23;-44;3;;;Ja
Senne Lammens;Belgien;Keeper;3985000;-15000;0;;;;;;;0,24;-27;-4;;;Ja
Sergio Rochet;Uruguay;Keeper;3989000;-11000;0;;;;;;;0,16;-13;-3;;;Ja
Seung-Gyu Kim;Sydkorea;Keeper;3071000;71000;0;;;;;;9;0,22;-46;23;;;Ja
Seung-Ho Paik;Sydkorea;Midtbane;2014000;14000;0;;;1;;;;0,14;-14;7;;;Ja
Shahriar Moghanlou;Iran;Angreb;2098000;98000;0;;1;;;;;0,02;-11;47;;;Ja
Sherel Floranus;Curaçao;Forsvar;2498000;-2000;0;;;;;;;0,01;-4;-1;;;Ja
Sherzod Nasrullaev;Usbekistan;Forsvar;2441000;-59000;0;;;1;;1;;0;-5;-24;;;Ja
Shogo Taniguchi;Japan;Forsvar;3005000;5000;0;;;1;;;;0,17;-17;2;;;Ja
Shojae Khalilzadeh;Iran;Forsvar;2572000;72000;0;;;1;;;;0,01;-7;28;;;Ja
Shurandy Sambo;Curaçao;Forsvar;1989000;-11000;0;;;;;;;0,01;-10;-6;;;Ja
Shuto Machino;Japan;Angreb;2485000;-15000;0;;;;;;;0;0;-6;;;Ja
Sidny Lopes Cabral;Kap Verde;Forsvar;3033000;33000;0;;;2;;;;0,02;-6;11;;;Ja
Silvan Widmer;Schweiz;Forsvar;3071000;71000;0;;;;;;;1,33;-79;23;;;Ja
Simon Adingra;Elfenbenskysten;Angreb;2481000;-19000;0;;;;;;;0,03;-6;-8;;;Ja
Simon Banza;Congo DR;Angreb;2498000;-2000;0;;;;;;;0,01;-8;-1;;;Ja
Sipho Chaine;Sydafrika;Keeper;2485000;-15000;0;;;;;;;0,04;-2;-6;;;Ja
Sofyan Amrabat;Marokko;Midtbane;2546000;46000;0;;;;;;;0,18;3;18;;;Ja
Sontje Hansen;Curaçao;Angreb;1985000;-15000;0;;;;;1;;0,01;-10;-8;;;Ja
Sphephelo Yaya Sithole;Sydafrika;Midtbane;2978000;-22000;0;;;;1;;;0,04;-8;-7;;;Ja
Stefan Posch;Østrig;Forsvar;3043000;43000;0;;;1;;;;0,13;-12;14;;;Ja
Stepan Chaloupek;Tjekkiet;Forsvar;1983000;-17000;0;;;;;;;0,08;-20;-9;;;Ja
Steven Moreira;Kap Verde;Forsvar;2090000;90000;0;;;;;;;0,05;-13;43;;;Ja
Stjepan Radeljic;Bosnien-Hercegovina;Forsvar;2544000;44000;0;;;;;;;0,06;-21;17;;;Ja
Stopira;Kap Verde;Forsvar;2485000;-15000;0;;;;;;;0,01;-5;-6;;;Ja
Sultan Al-Brake;Qatar;Forsvar;2447000;-53000;0;;;;;;;0;-7;-22;;;Ja
Tae-Hyeon Kim;Sydkorea;Forsvar;1985000;-15000;0;;;;;;;0,05;-7;-8;;;Ja
Tae-Seok Lee;Sydkorea;Forsvar;2528000;28000;0;;;;;;;0,06;-14;11;;;Ja
Taha Abdi Ali;Sverige;Midtbane;1981000;-19000;0;;;;;;;0,19;1;-10;;;Ja
Tahith Chong;Curaçao;Midtbane;1976000;-24000;0;;;;;2;;0,15;-18;-12;;;Ja
Tajon Buchanan;Canada;Midtbane;3579000;79000;0;;;;;1;;0,35;127;22;;;Ja
Takefusa Kubo;Japan;Midtbane;4056000;56000;0;;1;;;;;0,61;-39;14;Ja;;Ja
Tani Oluwaseyi;Canada;Angreb;2575000;75000;0;;;;;1;;0,03;-5;29;;;Ja
Tarek Alaa;Egypten;Forsvar;1985000;-15000;0;;;;;;;0,04;-4;-8;;;Ja
Tarik Muharemovic;Bosnien-Hercegovina;Forsvar;2950000;-50000;0;;;;1;;;0,13;-6;-17;;;Ja
Teboho Mokoena;Sydafrika;Midtbane;3622000;122000;0;1;;2;;;;0,05;-6;34;;;Ja
Telmo Arcanjo;Kap Verde;Midtbane;2513000;13000;0;;;;;;;0,01;-2;5;Ja;;Ja
Teun Koopmeiners;Holland;Midtbane;3578000;78000;0;;;;;;;0,36;-22;22;;;Ja
Thabang Matuludi;Sydafrika;Forsvar;1985000;-15000;0;;;;;;;0,04;-6;-8;;;Ja
Thalente Mbatha;Sydafrika;Midtbane;3037000;37000;0;;;1;;1;;0,02;-8;12;;;Ja
Thapelo Maseko;Sydafrika;Angreb;2249000;249000;0;1;;;;;;0,03;-6;111;;;Ja
Themba Zwane;Sydafrika;Midtbane;2431000;-69000;0;;;;1;;;0,02;-2;-28;;Ja;Ja
Theo Bongonda;Congo DR;Midtbane;3042000;42000;0;;;;;;;0,02;-8;14;;;Ja
Theo Hernandez;Frankrig;Forsvar;4613000;113000;0;;;;;;;2,47;4;24;;;Ja
Thiago Almada;Argentina;Midtbane;5626000;126000;0;;;;;;;1,19;142;22;;;Ja
Thibaut Courtois;Belgien;Keeper;4710000;210000;0;;;;;;7;6,97;-265;45;;;Ja
Thomas Meunier;Belgien;Forsvar;3531000;31000;0;;;;;1;;1,23;-104;9;;;Ja
Thomas Partey;Ghana;Midtbane;3000000;0;0;;;;;;;0,15;-11;0;;;Ja
Tijjani Reijnders;Holland;Midtbane;6222000;222000;0;;1;;;2;;0,64;-56;36;;;Ja
Tim Payne;New Zealand;Forsvar;2544000;44000;0;;1;;;;;0,06;-15;17;;;Ja
Tim Ream;USA;Forsvar;2661000;161000;0;;;;;;;0,32;35;61;;;Ja
Timothy Castagne;Belgien;Forsvar;3570000;70000;0;;;1;;;;0,56;-37;20;;;Ja
Timothy Fayulu;Congo DR;Keeper;2485000;-15000;0;;;;;;;0,03;7;-6;;;Ja
Timothy Weah;USA;Angreb;3042000;42000;0;;;;;1;;0,13;-4;14;;;Ja
Tomas Araujo;Portugal;Forsvar;3484000;-16000;0;;;1;;;;0,25;-14;-5;;;Ja
Tomas Chory;Tjekkiet;Angreb;2969000;-31000;0;;;;;;;0,02;-5;-10;;;Ja
Tomas Holes;Tjekkiet;Forsvar;1992000;-8000;0;;;;;;;0,14;-22;-4;;;Ja
Tomas Soucek;Tjekkiet;Midtbane;3496000;-4000;0;;;;;;;0,31;-36;-1;;;Ja
Tomoki Hayakawa;Japan;Keeper;3485000;-15000;0;;;;;;;0,02;-9;-4;;;Ja
Toni Fruk;Kroatien;Midtbane;2985000;-15000;0;;;;;;;0,04;-8;-5;;;Ja
Torbjørn Heggem;Norge;Forsvar;2613000;113000;0;;;;;;;1,03;-2;43;;;Ja
Trevor Doornbusch;Curaçao;Keeper;2485000;-15000;0;;;;;;;0,01;-4;-6;;;Ja
Tshepang Moremi;Sydafrika;Angreb;2592000;92000;0;;1;;;;;0;-6;35;;;Ja
Tsuyoshi Watanabe;Japan;Forsvar;3013000;13000;0;;;;;;;0,15;-7;4;;;Ja
Tyler Adams;USA;Midtbane;3091000;91000;0;;;1;;;;0,44;60;29;;;Ja
Tyler Bindon;New Zealand;Forsvar;2490000;-10000;0;;;;;1;;0,01;-7;-4;;;Ja
Tyrese Noslin;Curaçao;Midtbane;1989000;-11000;0;;;;;;;0,03;-5;-6;;;Ja
Tyrick Bodak;Curaçao;Keeper;2485000;-15000;0;;;;;;;0,02;-5;-6;;;Ja
Ugurcan Cakir;Tyrkiet;Keeper;4060000;60000;0;;;;;;8;0,45;-68;15;;;Ja
Umar Eshmurodov;Usbekistan;Forsvar;2485000;-15000;0;;;;;;;0;-7;-6;;;Ja
Unai Simon;Spanien;Keeper;5376000;376000;0;;;;;;5;4,23;-1;70;;;Ja
Utkir Yusupov;Usbekistan;Keeper;2480000;-20000;0;;;;;;1;0,02;-9;-8;;;Ja
Valentino Livramento;England;Forsvar;2995000;-5000;0;;;;;;;0,11;-18;-2;Ja;;Ja
Victor Lindelöf;Sverige;Forsvar;3057000;57000;0;;;;;;;0,41;-24;19;Ja;;Ja
Viktor Gyökeres;Sverige;Angreb;6322000;322000;0;1;2;1;;4;;0,8;-75;51;;;Ja
Viktor Johansson;Sverige;Keeper;3485000;-15000;0;;;;;;;0,04;-7;-4;;;Ja
Vinicius Junior;Brasilien;Angreb;8397000;897000;0;4;1;;;4;;6,51;164;107;;;Ja
Virgil van Dijk;Holland;Forsvar;5422000;422000;0;1;1;;;1;;4,9;-106;78;;;Ja
Vitinha;Portugal;Midtbane;5598000;98000;0;;;;;;;8,23;-370;18;;;Ja
Vladimir Coufal;Tjekkiet;Forsvar;3042000;42000;0;;1;;;;;0,29;-34;14;;;Ja
Vladimir Darida;Tjekkiet;Midtbane;2012000;12000;0;;;;;;;0,14;-28;6;;;Ja
Vozinha;Kap Verde;Keeper;2773000;273000;0;;;;;;10;0,6;-31;98;;;Ja
Wagner Pina;Kap Verde;Forsvar;2532000;32000;0;;;1;;;;0,01;0;13;;;Ja
Waldemar Anton;Tyskland;Forsvar;3532000;32000;0;;;;;;;0,38;-9;9;;;Ja
Warren Zaire-Emery;Frankrig;Midtbane;2985000;-15000;0;;;;;;;0,81;-47;-5;;;Ja
Weston McKennie;USA;Midtbane;3629000;129000;0;;;;;1;;1,44;529;36;;;Ja
Wilfried Stephane Singo;Elfenbenskysten;Forsvar;2648000;148000;0;;1;;;;;0,23;-23;56;Ja;;Ja
Wilguens Paugain;Haiti;Forsvar;1985000;-15000;0;;;;;;;0,02;-11;-8;;;Ja
William Saliba;Frankrig;Forsvar;4661000;161000;0;;;;;;;5,42;-200;35;Ja;;Ja
Willian Pacho;Ecuador;Forsvar;3107000;107000;0;;;;;1;;1,96;-64;34;;;Ja
Willy Semedo;Kap Verde;Angreb;3519000;19000;0;;;;;;;0,02;-2;5;;;Ja
Wilson Isidor;Haiti;Angreb;3128000;128000;0;1;;;;1;;0,01;-6;41;;;Ja
Woodensky Pierre;Haiti;Midtbane;1985000;-15000;0;;;;;;;0,03;-8;-8;;;Ja
Wout Weghorst;Holland;Angreb;2985000;-15000;0;;;;;;;0,18;-13;-5;;;Ja
Xaver Schlager;Østrig;Midtbane;2591000;91000;0;;1;;;;;0,11;-12;35;;;Ja
Yahia Fofana;Elfenbenskysten;Keeper;3277000;277000;0;;;;;;8;5;-1619;85;;;Ja
Yaimar Medina;Ecuador;Midtbane;1985000;-15000;0;;;;;;;0,12;-11;-8;;;Ja
Yan Diomande;Elfenbenskysten;Angreb;3188000;188000;0;;1;;;;;3,39;-650;59;;;Ja
Yan Valery;Tunesien;Forsvar;2437000;-63000;0;;;;;;;0,01;-2;-26;;;Ja
Yannick Semedo;Kap Verde;Midtbane;2002000;2000;0;;;;;;;0,07;-12;1;;;Ja
Yasin Ayari;Sverige;Midtbane;3855000;355000;0;2;;1;;1;;0,46;-38;92;;;Ja
Yasser Ibrahim;Egypten;Forsvar;2560000;60000;0;;;1;;;;0,1;-14;23;;;Ja
Yassin Fortune;Haiti;Angreb;1989000;-11000;0;;;;;;;0,02;-20;-6;;;Ja
Yassine 'Bono' Bounou;Marokko;Keeper;3662000;162000;0;;;;;;5;7,19;-999;44;;;Ja
Yassine Titraoui;Algeriet;Midtbane;1985000;-15000;0;;;;;;;0,09;-17;-8;;;Ja
Yazan Al-Arab;Jordan;Forsvar;2393000;-107000;0;;;1;;;;0,01;-4;-45;;;Ja
Yazeed Abulaila;Jordan;Keeper;2503000;3000;0;;;;;;8;0,11;-23;1;;;Ja
Yehvann Diouf;Senegal;Keeper;2985000;-15000;0;;;;;;;0,01;-3;-5;;;Ja
Yeremy Pino;Spanien;Midtbane;3569000;69000;0;;;;;;;0,26;-12;19;Ja;;Ja
Yoane Wissa;Congo DR;Angreb;3987000;487000;0;3;;;;;;0,25;-44;122;;;Ja
Yoel Barcenas;Panama;Midtbane;1945000;-55000;0;;;1;;;;0,13;-19;-28;;;Ja
Young-woo Seol;Sydkorea;Forsvar;3026000;26000;0;;;;;;;0,1;-22;9;;;Ja
Youri Tielemans;Belgien;Midtbane;3590000;90000;0;;;;;1;;5,99;-250;25;;;Ja
Youssef Amyn;Iraq;Midtbane;2481000;-19000;0;;;;;;;0;-5;-8;;;Ja
Yuito Suzuki;Japan;Angreb;2532000;32000;0;;;;;;;0,16;-21;13;;;Ja
Yukinari Sugawara;Japan;Forsvar;3598000;98000;0;;;;;2;;0,32;-29;27;;;Ja
Yunus Akgün;Tyrkiet;Angreb;2457000;-43000;0;;;1;;;;0,02;-12;-18;;;Ja
Yuto Nagatomo;Japan;Forsvar;2002000;2000;0;;;;;;;0,22;-8;1;;;Ja
Yvon Mvogo;Schweiz;Keeper;2985000;-15000;0;;;;;;;0,02;-5;-5;;;Ja
Zaid Ismail;Iraq;Midtbane;2471000;-29000;0;;;;;;;0,01;-4;-12;;;Ja
Zaid Tahseen;Iraq;Forsvar;2435000;-65000;0;;;1;;;;0,01;-2;-27;;;Ja
Zakaria El Ouahdi;Marokko;Forsvar;1985000;-15000;0;;;;;;;0,24;-18;-8;;;Ja
Zeki Celik;Tyrkiet;Forsvar;2524000;24000;0;;;;;1;;0,15;-32;10;;;Ja
Zeno Debast;Belgien;Forsvar;3485000;-15000;0;;;;;;;0,11;-12;-4;Ja;;Ja
Zidane Iqbal;Iraq;Midtbane;2433000;-67000;0;;;;;;;0,02;-8;-28;;;Ja
Zineddine Belaid;Algeriet;Forsvar;2541000;41000;0;;;;;;;0,01;-1;16;;;Ja
Zion Suzuki;Japan;Keeper;4217000;217000;0;;;;;;8;0,84;-51;51;;;Ja
Ziyad Al-Johani;Saudi-Arabien;Midtbane;2485000;-15000;0;;;;;;;0,01;-3;-6;;;Ja
Ahmed Zizo;Egypten;Midtbane;3066000;66000;0;;;;;1;;0,27;1;22;;;Ja
Hjalmar Ekdal;Sverige;Forsvar;1985000;-15000;0;;;;;;;0,11;2;-8;;;Ja
Ken Sema;Sverige;Midtbane;2502000;2000;0;;;;;;;0,03;-3;1;;;Ja
Brahim Diaz;Marokko;Angreb;4722000;222000;0;;2;;;1;;3,08;-453;47;;;Ja
Nico Williams;Spanien;Angreb;4576000;76000;0;;;;;;;4,67;-303;17;Ja;;Ja
Mike Penders;Belgien;Keeper;3485000;-15000;0;;;;;;;0,04;-6;-4;;;Ja
Matias Fernandez-Pardo;Belgien;Angreb;2578000;78000;0;;;;;;;0,05;-2;30;;;Ja
Romelu Lukaku;Belgien;Angreb;4751000;251000;0;1;1;1;;;;1,82;-123;53;;;Ja
Bruno Guimaraes;Brasilien;Midtbane;4818000;318000;0;;3;;;;;4,39;332;66;;;Ja
Robin Risser;Frankrig;Keeper;3985000;-15000;0;;;;;;;0,05;-4;-4;;;Ja
Bradley Barcola;Frankrig;Midtbane;4398000;398000;0;1;1;;;;;7,08;961;90;;;Ja
Jean-Philippe Mateta;Frankrig;Angreb;3532000;32000;0;;;;;;;0,14;-10;9;;;Ja
Jules Kounde;Frankrig;Forsvar;3720000;220000;0;;;;;;;19,22;534;59;;;Ja
Maxence Lacroix;Frankrig;Forsvar;3054000;54000;0;;;;;;;0,2;33;18;;;Ja
Ko Itakura;Japan;Forsvar;2189000;189000;0;;1;;;;;0,48;-36;86;;;Ja
Takehiro Tomiyasu;Japan;Forsvar;2129000;129000;0;;;;;;;0,53;-51;61;;;Ja
Dong-gyeong Lee;Sydkorea;Midtbane;1985000;-15000;0;;;;;;;0,08;-8;-8;;;Ja
Gi-hyuk Lee;Sydkorea;Forsvar;2006000;6000;0;;;1;;;;0,13;-45;3;;;Ja
In-beom Hwang;Sydkorea;Midtbane;2779000;279000;0;1;1;;;1;;0,57;-205;100;;;Ja
Jens Castrop;Sydkorea;Midtbane;2481000;-19000;0;;;;;;;0,02;-11;-8;;;Ja
Weverton;Brasilien;Keeper;3985000;-15000;0;;;;;;;0,02;-8;-4;;;Ja
Lucas Paqueta;Brasilien;Midtbane;5708000;208000;0;;1;;;1;;1,37;-46;36;;;Ja
Neymar Jr.;Brasilien;Angreb;5532000;32000;0;;;;;1;;1,01;-27;6;;;Ja
CJ Dos Santos;Kap Verde;Keeper;2485000;-15000;0;;;;;;;0,02;0;-6;;;Ja
Logan Costa;Kap Verde;Forsvar;2485000;-15000;0;;;;;;;0,01;-4;-6;;;Ja
Gilson Benchimol Tavares;Kap Verde;Angreb;2496000;-4000;0;;;;;;;0;-7;-2;;;Ja
Mateo Kovacic;Kroatien;Midtbane;4137000;137000;0;;1;;;1;;0,28;-22;33;;;Ja
Deveron Fonville;Curaçao;Forsvar;1998000;-2000;0;;;;;;;0,03;-4;-1;;;Ja
Armando Obispo;Curaçao;Forsvar;1998000;-2000;0;;;;;;;0,04;-11;-1;;;Ja
Jürgen Locadia;Curaçao;Angreb;1972000;-28000;0;;;;;;;0,02;-5;-14;;;Ja
Gedeon Kalulu;Congo DR;Forsvar;2502000;2000;0;;;;;;;0,01;-5;1;;;Ja
Steve Kapuadi;Congo DR;Forsvar;2000000;0;0;;;;;;;0,17;-76;0;;;Ja
Gaël Kakuta;Congo DR;Midtbane;2485000;-15000;0;;;;;;;0,01;-7;-6;;;Ja
Keeto Thermoncy;Haiti;Forsvar;1985000;-15000;0;;;;;;;0,01;-1;-8;;;Ja
Dominique Simon;Haiti;Midtbane;1995000;-5000;0;;;;;1;;0,01;-8;-3;;;Ja
Lenny Joseph;Haiti;Angreb;1993000;-7000;0;;;;;;;0,01;-1;-4;;;Ja
Ibrahim Sangare;Elfenbenskysten;Midtbane;3155000;155000;0;;1;;;;;0,26;-28;49;;;Ja
Ange-Yoan Bonny;Elfenbenskysten;Angreb;2605000;105000;0;;;;;1;;0,35;-111;40;;;Ja
Oumar Diakite;Elfenbenskysten;Angreb;2522000;22000;0;;;;;;;0,01;-7;9;;;Ja
Francis de Vries;New Zealand;Forsvar;2487000;-13000;0;;;;;;;0,01;-7;-5;;;Ja
Lachlan Bayliss;New Zealand;Midtbane;1985000;-15000;0;;;;;;;0,01;-4;-8;;;Ja
Matthew Garbett;New Zealand;Midtbane;2485000;-15000;0;;;;;;;0,01;-5;-6;Ja;;Ja
Michael Boxall;New Zealand;Forsvar;1986000;-14000;0;;;;;;;0,01;-7;-7;;;Ja
Nando Pijnaker;New Zealand;Forsvar;1985000;-15000;0;;;;;;;0,01;-3;-8;;;Ja
Tommy Smith;New Zealand;Forsvar;1985000;-15000;0;;;;;;;0,04;-10;-8;;;Ja
Samu Costa;Portugal;Midtbane;2502000;2000;0;;;;;;;0,29;-4;1;;;Ja
Goncalo Guedes;Portugal;Angreb;2485000;-15000;0;;;;;;;0,1;-6;-6;;;Ja
Craig Gordon;Skotland;Keeper;2485000;-15000;0;;;;;;;0,14;-18;-6;;;Ja
Aaron Hickey;Skotland;Forsvar;2562000;62000;0;;;1;;;;0,2;-22;24;;;Ja
Ben Doak;Skotland;Midtbane;3016000;16000;0;;;;;;;0,18;-32;5;;;Ja
Lawrence Shankland;Skotland;Angreb;2512000;12000;0;;;;;;;0,08;-19;5;;;Ja
Ross Stewart;Skotland;Angreb;1989000;-11000;0;;;;;;;0,06;-15;-6;;;Ja
Raed Chikhaoui;Tunesien;Forsvar;1985000;-15000;0;;;;;;;0,01;-4;-8;;;Ja
Mehdi Ghayedi;Iran;Midtbane;3004000;4000;0;;;;;;;0,04;-8;1;;;Ja
Issa Diop;Marokko;Forsvar;2581000;81000;0;;;1;;;;2,34;-605;31;;;Ja
El Mahdi Soliman;Egypten;Keeper;2485000;-15000;0;;;;;;;0,02;0;-6;;;Ja
Hamza Abdelkarim;Egypten;Angreb;2066000;66000;0;;;;;;;0,07;-4;32;;;Ja
Karim Hafez;Egypten;Forsvar;2002000;2000;0;;;;;;;0,04;-6;1;;;Ja
Mostafa Ziko;Egypten;Midtbane;2292000;292000;0;1;1;;;1;;5,83;1054;127;;;Ja
Nabil 'Dunga' Emad;Egypten;Midtbane;1985000;-15000;0;;;;;;;0,02;-1;-8;;;Ja
Djed Spence;England;Forsvar;2656000;156000;0;;;;;1;;1,61;518;59;;;Ja
Eberechi Eze;England;Midtbane;3039000;39000;0;;;;;;;2,52;-45;13;;;Ja
Ivan Toney;England;Angreb;3485000;-15000;0;;;;;;;0,14;-14;-4;;;Ja
Jarell Quansah;England;Forsvar;2562000;62000;0;;;1;;;;0,25;54;24;Ja;;Ja
Kobbie Mainoo;England;Midtbane;2485000;-15000;0;;;;;;;1,75;-55;-6;;;Ja
Angelo Stiller;Tyskland;Midtbane;2481000;-19000;0;;;;;;;0,57;-20;-8;;;Ja
Jamie Leweling;Tyskland;Midtbane;3042000;42000;0;;;;;;;0,23;-24;14;;;Ja
Manuel Neuer;Tyskland;Keeper;5146000;146000;0;;;;;;3;5;-126;28;;;Ja
Maximilian Beier;Tyskland;Angreb;2481000;-19000;0;;;;;;;0,14;-5;-8;;;Ja
Nadiem Amiri;Tyskland;Midtbane;2612000;112000;0;;1;;;1;;0,4;-34;43;;;Ja
Nathaniel Brown;Tyskland;Forsvar;2858000;358000;0;1;1;;;1;;26,19;-990;125;Ja;;Ja
Fredrik Aursnes;Norge;Midtbane;3063000;63000;0;;;;;;;0,25;3;21;;;Ja
Sander Tangvik;Norge;Keeper;2985000;-15000;0;;;;;;;0,1;-2;-5;;;Ja
Sondre Langås;Norge;Forsvar;1981000;-19000;0;;;;;;;0,27;4;-10;;;Ja
Thelo Aasgaard;Norge;Midtbane;2117000;117000;0;1;;;;;;0,4;72;55;;;Ja
Assane Diao Diaoune;Senegal;Angreb;2532000;32000;0;;;;;;;0,02;-4;13;;;Ja
Bamba Dieng;Senegal;Angreb;1991000;-9000;0;;;;;;;0,06;-11;-5;;;Ja
Bara Sapoko Ndiaye;Senegal;Midtbane;1985000;-15000;0;;;;;;;0,07;-14;-8;;;Ja
Habib Diarra;Senegal;Midtbane;2730000;230000;0;1;;;;;;0,04;1;84;;;Ja
Pape Alassane Gueye;Senegal;Midtbane;3421000;421000;0;2;1;1;;1;;0,09;23;123;;;Ja
Joan Garcia;Spanien;Keeper;3985000;-15000;0;;;;;;;0,54;-22;-4;;;Ja
Marc Pubill;Spanien;Forsvar;2985000;-15000;0;;;;;;;0,18;-4;-5;;;Ja
Eric Garcia;Spanien;Forsvar;2985000;-15000;0;;;;;;;1,98;-92;-5;;;Ja
Pablo Gavi;Spanien;Midtbane;4002000;2000;0;;;;;;;2,47;-120;0;;;Ja
Victor Munoz;Spanien;Angreb;2985000;-15000;0;;;;;;;0,14;-13;-5;;;Ja
Carlos Andres Gomez;Colombia;Midtbane;2032000;32000;0;;;;;;;0,22;1;16;;;Ja
Juan 'Cucho' Hernandez;Colombia;Angreb;4092000;92000;0;;1;;;;;0,08;-11;22;;;Ja
Willer Ditta;Colombia;Forsvar;2485000;-15000;0;;;;;;;0,05;-2;-6;;;Ja
Yerry Mina;Colombia;Forsvar;2985000;-15000;0;;;;;;;0,11;-5;-5;;;Ja
Alex Zendejas;USA;Midtbane;1981000;-19000;0;;;;;;;0,27;11;-10;;;Ja
Auston Trusty;USA;Forsvar;2707000;207000;0;1;;;;1;;0,08;53;76;;;Ja
Haji Wright;USA;Angreb;2522000;22000;0;;;;;;;0,05;-7;9;;;Ja
Joe Scally;USA;Forsvar;2530000;30000;0;;;;;;;0,04;-1;12;;;Ja
Sergino Dest;USA;Forsvar;3165000;165000;0;;;;;1;;2,04;938;52;;;Ja
Alberto Quintero;Panama;Midtbane;1989000;-11000;0;;;;;;;0,03;-31;-6;;;Ja
Azarias Londono;Panama;Midtbane;1989000;-11000;0;;;;;;;0,02;-7;-6;;;Ja
Edgardo Farina;Panama;Forsvar;1985000;-15000;0;;;;;;;0,01;-5;-8;;;Ja
Tomas Rodriguez;Panama;Angreb;2003000;3000;0;;;;;1;;0,02;-14;1;;;Ja
Ahmed Reda Tagnaouti;Marokko;Keeper;2485000;-15000;0;;;;;;;0,2;29;-6;;;Ja
Ayoube Amaimouni-Echghouyab;Marokko;Midtbane;2549000;49000;0;;;;;1;;0,14;-23;19;;;Ja
Ayyoub Bouaddi;Marokko;Midtbane;2051000;51000;0;;;;;;;2,52;-182;25;;;Ja
Gessime Yassine;Marokko;Midtbane;2192000;192000;0;1;;;;;;0,09;36;88;;;Ja
Redouane Halhal;Marokko;Forsvar;2046000;46000;0;;;;;;;0,07;9;22;;;Ja
Samir El Mourabet;Marokko;Midtbane;2086000;86000;0;;;;;;;0,19;22;41;;;Ja
Soufiane Rahimi;Marokko;Midtbane;2846000;346000;0;1;1;;;;;0,15;40;122;;;Ja
Youssef Belammari;Marokko;Forsvar;1985000;-15000;0;;;;;;;0,15;-11;-8;;;Ja
Crysencio Summerville;Holland;Midtbane;3450000;450000;0;2;1;1;;;;13,88;-2010;130;;;Ja
Frenkie de Jong;Holland;Midtbane;3134000;134000;0;;;;;;;8,83;-85;43;;;Ja
Guus Til;Holland;Midtbane;2532000;32000;0;;;;;;;0,12;-9;13;;;Ja
Justin Kluivert;Holland;Midtbane;2522000;22000;0;;;;;;;0,29;-4;9;;;Ja
Marten de Roon;Holland;Midtbane;2485000;-15000;0;;;;;;;0,05;-7;-6;;;Ja
Mats Wieffer;Holland;Midtbane;2485000;-15000;0;;;;;;;0,05;-3;-6;;;Ja
Robin Roefs;Holland;Keeper;3485000;-15000;0;;;;;;;0,09;-2;-4;;;Ja
Gilberto Mora;Mexico;Midtbane;2589000;89000;0;;;;;;;0,39;-7;34;;;Ja
Facundo Medina;Argentina;Forsvar;2739000;239000;0;;1;1;;;;7,12;4380;87;;;Ja
Juan Musso;Argentina;Keeper;3985000;-15000;0;;;;;;;0,06;1;-4;;;Ja
Lisandro Martinez;Argentina;Forsvar;3209000;209000;0;;;;;;;8,41;2439;65;;;Ja
Valentin Barco;Argentina;Midtbane;2532000;32000;0;;;;;;;0,67;10;13;;;Ja
Bradley Cross;Sydafrika;Forsvar;1985000;-15000;0;;;;;;;0,06;-4;-8;;;Ja
Iqraam Rayners;Sydafrika;Angreb;2519000;19000;0;;;;;;;0,01;-4;8;;;Ja
Kamogelo Sebelebele;Sydafrika;Forsvar;2002000;2000;0;;;;;;;0,02;0;1;;;Ja
Olwethu Makhanya;Sydafrika;Forsvar;1985000;-15000;0;;;;;;;0,01;-2;-8;;;Ja
Giorgian De Arrascaeta;Uruguay;Midtbane;3985000;-15000;0;;;;;;;0,09;-17;-4;;;Ja
Cesar Huerta;Mexico;Midtbane;2522000;22000;0;;;;;;;0,08;-1;9;;;Ja
Edson Alvarez;Mexico;Midtbane;3116000;116000;0;;;1;;;;1,14;17;37;;;Ja
Luis Chavez;Mexico;Midtbane;2032000;32000;0;;;;;;;0,48;-3;16;;;Ja
Luis Romo;Mexico;Midtbane;2872000;372000;0;1;1;;;;;0,48;279;130;;;Ja
Mateo Chavez;Mexico;Forsvar;2840000;340000;0;1;;;;;;0,15;105;120;;;Ja
Santiago Gimenez;Mexico;Angreb;3579000;79000;0;;;;;1;;0,38;-2;22;;;Ja
Adam Hlozek;Tjekkiet;Angreb;2498000;-2000;0;;;;;1;;0,05;-17;-1;;;Ja
Alexandr Sojka;Tjekkiet;Midtbane;2066000;66000;0;;1;;;;;0,13;-30;32;;;Ja
David Doudera;Tjekkiet;Midtbane;1965000;-35000;0;;;;;;;0,05;-3;-18;;;Ja
David Zima;Tjekkiet;Forsvar;1994000;-6000;0;;;;;;;0,06;-5;-3;;;Ja
Hugo Sochurek;Tjekkiet;Midtbane;1985000;-15000;0;;;;;;;0,03;-6;-8;;;Ja
Jan Kuchta;Tjekkiet;Angreb;2485000;-15000;0;;;;;;;0,01;-6;-6;;;Ja
Jindrich Stanek;Tjekkiet;Keeper;2485000;-15000;0;;;;;;;0,04;-2;-6;;;Ja
Alfie Jones;Canada;Forsvar;1985000;-15000;0;;;;;;;0,17;0;-8;;;Ja
Jacob Shaffelburg;Canada;Midtbane;2073000;73000;0;;;;;;;0,18;83;35;;;Ja
Moïse Bombito;Canada;Forsvar;2552000;52000;0;;;;;;;0,04;-1;20;;;Ja
Promise David;Canada;Angreb;3231000;231000;0;1;1;;;2;;0,09;40;71;;;Ja
Stephen Eustaquio;Canada;Midtbane;2615000;115000;0;;;;;;;0,19;112;44;;;Ja
Cameron Devlin;Australien;Midtbane;1985000;-15000;0;;;;;;;0,03;-2;-8;;;Ja
Cristian Volpato;Australien;Midtbane;2516000;16000;0;;;;;1;;0,03;-1;6;;;Ja
Harry Souttar;Australien;Forsvar;2637000;137000;0;;;1;;1;;0,06;1;52;;;Ja
Jackson Irvine;Australien;Midtbane;2533000;33000;0;;;1;;1;;0,03;1;13;;;Ja
Mathew Leckie;Australien;Midtbane;1973000;-27000;0;;;;;;;0,06;24;-14;Ja;;Ja
Tete Yengi;Australien;Angreb;2059000;59000;0;;;;;1;;0,04;-4;29;;;Ja
Agustin Canobbio;Uruguay;Midtbane;2629000;129000;0;1;;;1;;;0,24;-38;49;;;Ja
Rodrigo Bentancur;Uruguay;Midtbane;3001000;1000;0;;;1;;;;0,19;-26;0;;;Ja
Rodrigo Zalazar;Uruguay;Midtbane;3485000;-15000;0;;;;;;;0,09;-7;-4;;;Ja
Sebastian Caceres;Uruguay;Forsvar;2521000;21000;0;;;;;;;0,08;-11;8;;;Ja
Carney Chukwuemeka;Østrig;Midtbane;2548000;48000;0;;;;;1;;0,08;-2;19;;;Ja
David Affengruber;Østrig;Forsvar;2485000;-15000;0;;;;;;;0,02;-6;-6;;;Ja
Florian Wiegele;Østrig;Keeper;2485000;-15000;0;;;;;;;0,05;-1;-6;;;Ja
Michael Svoboda;Østrig;Forsvar;2485000;-15000;0;;;;;;;0,02;-4;-6;;;Ja
Paul Wanner;Østrig;Midtbane;2559000;59000;0;;;;;;;0,05;-2;23;;;Ja
Sasa Kalajdzic;Østrig;Angreb;2704000;204000;0;1;;;;;;0,03;2;75;;;Ja
Jaouen Hadjam;Algeriet;Forsvar;2543000;43000;0;;;;;;;0,01;-2;17;;;Ja
Melvin Feycal Mastil;Algeriet;Keeper;2485000;-15000;0;;;;;;;0,01;-3;-6;;;Ja
Mohamed Amine Tougai;Algeriet;Forsvar;1985000;-15000;0;;;;;;;0,01;-1;-8;;;Ja
Nabil Bentaleb;Algeriet;Midtbane;2545000;45000;0;;;;;;;0,03;0;18;;;Ja
Oussama Benbout;Algeriet;Keeper;2508000;8000;0;;;;;;;0,02;9;3;;;Ja
Samir Chergui;Algeriet;Forsvar;2004000;4000;0;;;;;;;0,01;-6;2;;;Ja
Denil Castillo;Ecuador;Midtbane;2485000;-15000;0;;;;;;;0,14;-8;-6;;;Ja
Nilson Angulo;Ecuador;Angreb;2215000;215000;0;1;;;;1;;0,05;13;97;;;Ja
Aaron Tshibola;Congo DR;Forsvar;1985000;-15000;0;;;;;;;0,14;-6;-8;;;Ja
Christopher Operi;Elfenbenskysten;Forsvar;2092000;92000;0;;;;;;;0,08;6;44;;;Ja
Jonas Adjetey;Ghana;Forsvar;2655000;155000;0;;;;;1;;0,03;0;58;;;Ja
Abdul Rahman Baba;Ghana;Forsvar;2502000;2000;0;;;;;;;0,08;-1;1;;;Ja
Abdul Mumin;Ghana;Forsvar;1985000;-15000;0;;;;;;;0,3;-21;-8;;;Ja
Alidu Seidu;Ghana;Forsvar;2485000;-15000;0;;;;;;;0,03;-4;-6;;;Ja
Augustine Boakye;Ghana;Midtbane;1985000;-15000;0;;;;;;;0,05;-5;-8;;;Ja
Ernest Nuamah;Ghana;Angreb;2588000;88000;0;;1;;;;;0,05;-1;34;;;Ja
Daniyal Eiri;Iran;Forsvar;1985000;-15000;0;;;;;;;0,01;-2;-8;;;Ja
Saleh Hardani;Iran;Forsvar;2519000;19000;0;;;;;;;0,01;-4;8;;;Ja
Roozbeh Cheshmi;Iran;Midtbane;1985000;-15000;0;;;;;;;0,01;-1;-8;;;Ja
Mehdi Torabi;Iran;Midtbane;2002000;2000;0;;;;;;;0,02;-1;1;;;Ja
Arya Yousefi;Iran;Forsvar;2014000;14000;0;;;;;1;;0,05;-6;7;;;Ja
Amir Mohammad Razzaghinia;Iran;Midtbane;1985000;-15000;0;;;;;;;0,02;-3;-8;;;Ja
Dennis 'Dargahi' Eckert Ayensa;Iran;Angreb;1985000;-15000;0;;;;;;;0,01;-2;-8;;;Ja
Jalal Hassan;Iraq;Keeper;2479000;-21000;0;;;;;;8;0,02;-2;-8;;;Ja
Mustafa Saadoon;Iraq;Forsvar;1973000;-27000;0;;;;;;;0,01;-5;-14;;;Ja
Ahmed Qasem;Iraq;Midtbane;1949000;-51000;0;;;;;;;0,1;-22;-26;;;Ja
Jaloliddin Masharipov;Usbekistan;Midtbane;2495000;-5000;0;;;;;;;0,01;-1;-2;;;Ja
Abbosbek Fayzullaev;Usbekistan;Midtbane;2621000;121000;0;1;;;;1;;0,06;-15;46;;;Ja
Azizbek Amanov;Usbekistan;Angreb;1981000;-19000;0;;;;;;;0,01;-3;-10;;;Ja
Sherzod Esanov;Usbekistan;Midtbane;1989000;-11000;0;;;;;;;0,01;-2;-6;;;Ja
Abdulla Abdullaev;Usbekistan;Forsvar;1939000;-61000;0;;;;;;;0,09;-17;-31;;;Ja
Behruzjon Karimov;Usbekistan;Forsvar;1939000;-61000;0;;;;;;;0,03;-2;-31;;;Ja
Avazbek Ulmasaliyev;Usbekistan;Forsvar;1985000;-15000;0;;;;;;;0,01;-1;-8;;;Ja
Mladen Jurkas;Bosnien-Hercegovina;Keeper;2485000;-15000;0;;;;;;;0,01;-2;-6;;;Ja
Can Uzun;Tyrkiet;Angreb;3546000;46000;0;;;;;1;;0,13;-14;13;;;Ja
Caglar Soyuncu;Tyrkiet;Forsvar;2532000;32000;0;;;;;;;0,08;-6;13;;;Ja
Saed Al-Rosan;Jordan;Forsvar;1981000;-19000;0;;;;;;;0,01;-1;-10;;;Ja
Rajaei Ayed;Jordan;Midtbane;2485000;-15000;0;;;;;;;0;-2;-6;;;Ja
Noureddin Bani Attiah;Jordan;Keeper;2485000;-15000;0;;;;;;;0,01;0;-6;;;Ja
Ehsan Haddad;Jordan;Forsvar;2531000;31000;0;;1;;;;;0,01;-2;12;;;Ja
Anas Badawi;Jordan;Forsvar;1985000;-15000;0;;;;;;;0,01;-2;-8;;;Ja
Ali Olwan;Jordan;Angreb;3641000;141000;0;1;;;;2;;0,01;-4;39;;;Ja
Ahmed Al-Ganehi;Qatar;Midtbane;1981000;-19000;0;;;;;;;0,11;-18;-10;;;Ja
Al-Hashmi Al-Hussain;Qatar;Forsvar;1965000;-35000;0;;;;;;;0,03;-5;-18;;;Ja
Hassan Al-Haydos;Qatar;Midtbane;2660000;160000;0;1;;;;;;0,01;-1;60;;;Ja
Salah Zakaria;Qatar;Keeper;2485000;-15000;0;;;;;;;0,01;-5;-6;;;Ja
Seydinaissa Laye;Qatar;Forsvar;1950000;-50000;0;;;;;;;0,01;-2;-26;;;Ja
Tahsin Jamshid;Qatar;Midtbane;1985000;-15000;0;;;;;;;0,01;-4;-8;;;Ja
Yusuf Abdurisag;Qatar;Angreb;1982000;-18000;0;;;;;;;0,04;-6;-9;;;Ja
Seyed Hossein Hosseini;Iran;Keeper;2485000;-15000;0;;;;;;;0,02;-2;-6;;;Ja
Ahmed Al-Kassar;Saudi-Arabien;Keeper;2485000;-15000;0;;;;;;;0,02;-4;-6;;;Ja
Alaa Hejji;Saudi-Arabien;Midtbane;2006000;6000;0;;;;;;;0,02;-4;3;;;Ja
Ali Lajami;Saudi-Arabien;Forsvar;1991000;-9000;0;;;;;;;0,01;-2;-5;;;Ja
Hassan Al Tambakti;Saudi-Arabien;Forsvar;1943000;-57000;0;;;;;;;0,06;-8;-29;;;Ja
Hassan Kadesh;Saudi-Arabien;Forsvar;1985000;-15000;0;;;;;;;0;0;-8;;;Ja
Jehad Thakri;Saudi-Arabien;Forsvar;1985000;-15000;0;;;;;;;0,01;-1;-8;;;Ja
Khalid Al-Ghannam;Saudi-Arabien;Midtbane;2489000;-11000;0;;;;;;;0,01;0;-4;;;Ja
Mohammed Abu Al-Shamat;Saudi-Arabien;Forsvar;2535000;35000;0;;;;;1;;0,01;0;14;;;Ja
Mohammed Al-Owais;Saudi-Arabien;Keeper;3158000;158000;0;;;;;;18;0,02;-6;50;;;Ja
Moteb Al-Harbi;Saudi-Arabien;Forsvar;1993000;-7000;0;;;;;;;0,01;-2;-4;;;Ja
Saleh Al-Shehri;Saudi-Arabien;Angreb;2485000;-15000;0;;;;;;;0;-1;-6;;;Ja
Sultan Mandash;Saudi-Arabien;Angreb;2502000;2000;0;;;;;;;0,01;-1;1;;;Ja
Gustavo Caballero;Paraguay;Midtbane;1985000;-15000;0;;;;;;;0,02;-2;-8;;;Ja
Fabian Balbuena;Paraguay;Forsvar;2485000;-15000;0;;;;;;;0,03;-1;-6;;;Ja
Jose Canale;Paraguay;Forsvar;2039000;39000;0;;;;;;;0,03;-1;19;;;Ja
Mauricio Magalhaes Prado;Paraguay;Midtbane;2178000;178000;0;1;;;;2;;0,09;0;82;;;Ja
"Alejandro ""Kaku"" Romero Gamarra";Paraguay;Midtbane;2981000;-19000;0;;;;;;;0,06;-2;-6;;;Ja
Isidro Pitta;Paraguay;Angreb;2032000;32000;0;;;;;;;0,02;-2;16;;;Ja
Alexandro Maidana;Paraguay;Forsvar;2039000;39000;0;;;;;;;0,1;-4;19;;;Ja
Tyler Fletcher;Skotland;Midtbane;1985000;-15000;0;;;;;;;0,15;-15;-8;;;Ja
Wi-je Cho;Sydkorea;Forsvar;1985000;-15000;0;;;;;;;0,08;-3;-8;;;Ja
Assan Ouedraogo;Tyskland;Midtbane;2985000;-15000;0;;;;;;;0,21;-2;-5;;;Ja
Ederson;Brasilien;Midtbane;2522000;22000;0;;;;;;;0,65;1;9;;;Ja
Lutsharel Geertruida;Holland;Forsvar;2485000;-15000;0;;;;;;;0,09;1;-6;;;Ja
Amine Sbai;Marokko;Angreb;1985000;-15000;0;;;;;;;0,02;0;-8;;;Ja
Marwane Saadane;Marokko;Forsvar;1985000;-15000;0;;;;;;;0,01;5;-8;;;Ja
Jayden Nelson;Canada;Angreb;1990000;-10000;0;;;;;;;0,01;2;-5;;;Ja
Arjan Malic;Bosnien-Hercegovina;Forsvar;2039000;39000;0;;;;;;;0,22;-90;19;;;Ja
Dejan Ljubicic;Østrig;Midtbane;1985000;-15000;0;;;;;;;0,01;2;-8;;;Ja
Marcos Senesi;Argentina;Midtbane;2544000;44000;0;;;;;;;0,09;68;17;;;Ja
Garven-Michee Metusala;Haiti;Forsvar;1985000;-15000;0;;;;;;;0;0;-8;;;Ja
Ruslanbek Jiyanov;Usbekistan;Angreb;1989000;-11000;0;;;;;;;0;0;-6;;;Ja
Trevoh Chalobah;England;Forsvar;2490000;-10000;0;;;;;;;0,01;5;-4;;;Ja